0.1000000000000000056,0.002569938,0.002667437,0.002759563,0.02203052,0.03813722,0.0212575
0.2000000000000000111,0.001830115,0.00190449,0.001966129,0.01601436,0.02761877,0.01518758
0.3000000000000000444,0.001487314,0.001555662,0.001604202,0.0129507,0.02282118,0.01247113
0.4000000000000000222,0.00127215,0.001328974,0.001416199,0.01054275,0.01788102,0.01029227
0.5,0.001116856,0.001180795,0.001263976,0.008955984,0.01466523,0.008787726
0.6000000000000000888,0.001002415,0.001086368,0.00114932,0.007965257,0.01262446,0.007889687
0.7000000000000000666,0.0009215255,0.0009956312,0.00107202,0.007592479,0.01248457,0.007392352
0.8000000000000000444,0.0008698248,0.0009420031,0.001002103,0.007544738,0.01267471,0.007015332
0.9000000000000000222,0.0008177269,0.0008789154,0.000934137,0.007271687,0.01253335,0.006901633
1,0.0007878794,0.0008506954,0.0009014668,0.00704795,0.01246176,0.006676796
1.100000000000000089,0.0007555772,0.0008081439,0.0008502273,0.006917476,0.01252215,0.006423197
1.200000000000000178,0.0007179955,0.0007788235,0.0008300357,0.00681171,0.01240292,0.006274011
1.300000000000000044,0.0006878412,0.0007485261,0.0007919014,0.006768975,0.01238424,0.006097369
1.400000000000000133,0.0006580521,0.0007233894,0.0007664098,0.006702409,0.01249721,0.005995166
1.5,0.0006455011,0.0006999405,0.0007418839,0.00668333,0.01250424,0.005937443
1.600000000000000089,0.0006309637,0.0006755586,0.0007218025,0.006541969,0.01245533,0.005802293
1.700000000000000178,0.0006068284,0.0006569204,0.0007017906,0.006462818,0.01251463,0.005832216
1.800000000000000044,0.0005818481,0.0006376011,0.000679753,0.006482386,0.01243926,0.005696981
1.900000000000000133,0.0005778272,0.0006207307,0.0006561257,0.00646785,0.01246171,0.005580541
2,0.0005641178,0.000616447,0.000645465,0.006337083,0.01236926,0.005594185
2.100000000000000089,0.0005484922,0.000598339,0.0006298167,0.006107881,0.01207877,0.005426022
2.200000000000000178,0.000544813,0.0005864877,0.0006098021,0.006070454,0.01178761,0.005280236
2.300000000000000266,0.0005278042,0.0005750135,0.0006082374,0.005930424,0.01144476,0.005177128
2.400000000000000355,0.0005252867,0.0005583213,0.0005938114,0.005780238,0.0112014,0.005101112
2.5,0.0005150325,0.0005519973,0.0005821489,0.005650127,0.01097431,0.005010106
2.600000000000000089,0.0005056847,0.0005480047,0.0005627144,0.005586411,0.01071476,0.004901653
2.700000000000000178,0.0004878316,0.0005375964,0.0005638766,0.00525063,0.01007476,0.004763183
2.800000000000000266,0.0004887961,0.0005326437,0.0005523592,0.005063176,0.009728949,0.004647699
2.900000000000000355,0.0004785169,0.000525502,0.0005476662,0.004930158,0.009347799,0.004481228
3,0.0004722684,0.0005138631,0.0005355253,0.00479401,0.00892126,0.00438809
3.100000000000000089,0.0004654365,0.0004994167,0.0005273945,0.004555933,0.00854807,0.004254741
3.200000000000000178,0.000461266,0.0005055866,0.0005168425,0.004443131,0.008067161,0.004189491
3.300000000000000266,0.0004587624,0.0004864197,0.0005103691,0.004199405,0.007680047,0.004039884
3.400000000000000355,0.000456445,0.0004845602,0.0004989141,0.003964644,0.00716379,0.003940507
3.5,0.0004429056,0.0004768098,0.0005028088,0.003769614,0.006735681,0.00384237
3.600000000000000089,0.0004407189,0.0004629581,0.0004953361,0.003668069,0.006418641,0.003661601
3.700000000000000178,0.0004353905,0.0004574733,0.0004753236,0.003377943,0.006009656,0.003597833
3.800000000000000266,0.0004372332,0.0004571294,0.0004899302,0.003309931,0.005716499,0.003518695
3.900000000000000355,0.0004306168,0.0004523693,0.0004737393,0.003232185,0.005469225,0.00346301
4,0.0004244468,0.00045096,0.0004732195,0.003111249,0.005151488,0.003408364
4.100000000000000533,0.0004162659,0.000448631,0.0004744771,0.002987209,0.004945496,0.003310318
4.200000000000000178,0.0004165816,0.0004470883,0.0004575341,0.002944561,0.004726018,0.003335406
4.299999999999999822,0.0004139512,0.0004408396,0.0004473964,0.002856395,0.004631202,0.003234806
4.400000000000000355,0.0004088048,0.0004314355,0.0004456125,0.002799215,0.004520125,0.003284614
4.5,0.0003946181,0.0004288562,0.0004579138,0.002739385,0.004315883,0.003207107
4.600000000000000533,0.0003967005,0.0004245365,0.0004471675,0.002734184,0.004420777,0.003063787
4.700000000000000178,0.0004017775,0.0004259353,0.0004403426,0.002700263,0.00434066,0.003081032
4.800000000000000711,0.0003964314,0.0004144188,0.0004468589,0.002680061,0.004363727,0.00307817
4.900000000000000355,0.0003894067,0.0004085095,0.0004429902,0.002615234,0.004229081,0.003012441
5,0.000387892,0.000410348,0.000441017,0.002631886,0.004273615,0.002936061
5.100000000000000533,0.0003872226,0.0003965596,0.0004291507,0.002566007,0.004099984,0.002990639
5.200000000000000178,0.0003890531,0.0003929214,0.0004277421,0.002587859,0.004136406,0.002978131
5.300000000000000711,0.000373045,0.0003998776,0.0004243499,0.002566528,0.004133577,0.002870175
5.400000000000000355,0.0003762575,0.000394911,0.0004192209,0.002589337,0.004133819,0.002850749
5.5,0.0003759608,0.0004032051,0.0004161605,0.00247254,0.003985936,0.002834305
5.600000000000000533,0.0003731436,0.0003862629,0.0004216281,0.00239215,0.003949989,0.00275882
5.700000000000000178,0.0003788332,0.0003778328,0.0004280209,0.002421102,0.003949052,0.002813707
5.800000000000000711,0.0003597762,0.0003880651,0.0004009452,0.002428346,0.003866852,0.002688142
5.900000000000000355,0.0003659946,0.0003757603,0.000411911,0.002352823,0.003831734,0.002690144
6,0.0003498655,0.0003777508,0.0004164869,0.002457124,0.003954804,0.002671633
6.100000000000000533,0.0003575851,0.0003768576,0.0003967037,0.002373496,0.003888451,0.002623743
6.200000000000000178,0.0003533944,0.0003760187,0.0004105714,0.002407705,0.003877224,0.00267301
6.300000000000000711,0.0003498291,0.0003705637,0.0003912756,0.002406475,0.003938047,0.002575729
6.400000000000000355,0.0003454426,0.0003710753,0.0003972886,0.002383937,0.003989057,0.00261473
6.5,0.000352596,0.0003602662,0.0003902869,0.002404498,0.004099761,0.002533294
6.600000000000000533,0.0003532634,0.0003738773,0.0003876436,0.002531213,0.004047178,0.002495423
6.700000000000000178,0.0003423317,0.0003627829,0.0003985168,0.002489971,0.004113037,0.002508607
6.800000000000000711,0.0003513392,0.0003707706,0.0003879714,0.002506085,0.004396361,0.002541136
6.900000000000000355,0.0003441638,0.0003624427,0.000384387,0.002490869,0.004437925,0.002463046
7,0.000340034,0.0003611481,0.0003883478,0.002539087,0.004335059,0.002554044
7.100000000000000533,0.0003373397,0.000362153,0.000379828,0.002473085,0.004432548,0.002453136
7.200000000000000178,0.0003318636,0.0003380289,0.0003856464,0.002514842,0.004508526,0.002444234
7.300000000000000711,0.0003349619,0.0003534938,0.0003762629,0.00252778,0.004400919,0.002467286
7.400000000000000355,0.0003286727,0.0003530456,0.0003762044,0.002442741,0.004526703,0.002423616
7.5,0.0003270524,0.0003430128,0.0003844071,0.002495695,0.004471974,0.002318182
7.600000000000000533,0.0003327513,0.0003467279,0.0003714246,0.002567219,0.004397523,0.002375585
7.700000000000000178,0.0003205784,0.0003487275,0.0003751222,0.00251778,0.004681534,0.00238537
7.800000000000000711,0.000325639,0.0003504,0.0003631374,0.002582207,0.00460299,0.002390718
7.900000000000000355,0.0003248051,0.0003387202,0.0003708491,0.002497812,0.004451476,0.002393958
8,0.0003250072,0.0003413146,0.0003707893,0.002406467,0.004219106,0.002296549
8.099999999999999645,0.0003214821,0.0003497617,0.0003717111,0.002374253,0.004144802,0.002230121
8.200000000000001066,0.0003258602,0.0003425925,0.0003647096,0.00234181,0.004138673,0.00225127
8.300000000000000711,0.0003310999,0.000340777,0.0003612063,0.002359037,0.004123514,0.002256685
8.400000000000000355,0.0003262317,0.0003433018,0.0003671443,0.002260593,0.003925761,0.002200232
8.5,0.0003213424,0.0003325195,0.0003639228,0.002126724,0.003817734,0.002187435
8.599999999999999645,0.0003211968,0.0003452726,0.0003676253,0.002144477,0.003785822,0.002120892
8.700000000000001066,0.0003125663,0.0003259521,0.000352196,0.002120753,0.003653308,0.002028934
8.800000000000000711,0.0003127448,0.0003431641,0.0003545915,0.00200011,0.003533728,0.002109777
8.900000000000000355,0.0003134615,0.0003278919,0.0003527582,0.002036672,0.003449918,0.002030095
9,0.0003050636,0.000333553,0.0003594039,0.00200272,0.003383605,0.00204947
9.099999999999999645,0.000311203,0.0003308722,0.0003589554,0.001959297,0.003333758,0.001995133
9.200000000000001066,0.0003098306,0.0003373043,0.0003592514,0.001969551,0.003310182,0.001932153
9.300000000000000711,0.0003152408,0.000329027,0.0003628785,0.001900081,0.003117516,0.00193986
9.400000000000000355,0.0003164715,0.0003292678,0.0003519852,0.001963906,0.003049586,0.001893554
9.5,0.0003049737,0.0003327585,0.0003490178,0.001850561,0.003125362,0.00195627
9.600000000000001421,0.0003125521,0.0003351303,0.0003478723,0.001879069,0.003123959,0.001938606
9.700000000000001066,0.0003128497,0.0003272116,0.0003538949,0.001827287,0.003037365,0.001941629
9.800000000000000711,0.0003039385,0.0003105855,0.0003553184,0.001802574,0.003103002,0.001829669
9.900000000000000355,0.0003036123,0.0003233402,0.0003433906,0.001823826,0.003002671,0.0018847
10,0.0003048881,0.000327995,0.0003522411,0.00181928,0.003074928,0.001863031
10.10000000000000142,0.0002967603,0.0003171799,0.0003477954,0.001788746,0.003010794,0.001832091
10.20000000000000107,0.0003042115,0.0003273522,0.0003462258,0.001765657,0.002939115,0.001776468
10.30000000000000071,0.0002943193,0.0003343437,0.0003367491,0.001748189,0.00289383,0.00185877
10.40000000000000036,0.0002990005,0.000324963,0.0003456311,0.001793447,0.002970803,0.001873913
10.5,0.000295889,0.000330342,0.0003393602,0.001728796,0.002988221,0.00183027
10.60000000000000142,0.0002985068,0.000320575,0.0003407584,0.001750488,0.002868037,0.001756835
10.70000000000000107,0.0002992821,0.0003260487,0.0003477367,0.001740899,0.002833843,0.001827736
10.80000000000000071,0.0002967619,0.0003209421,0.0003369969,0.001735609,0.002964513,0.001740933
10.90000000000000036,0.0002909696,0.0003188608,0.0003308568,0.001737068,0.002866312,0.001850075
11,0.0002927563,0.0003101682,0.0003375601,0.001697899,0.002902909,0.001784535
11.10000000000000142,0.0002941009,0.0003213754,0.0003367902,0.001697204,0.002897363,0.001745111
11.20000000000000107,0.0002961439,0.0003094601,0.0003365418,0.001651899,0.002874773,0.001834997
11.30000000000000071,0.0002962016,0.000315013,0.0003385053,0.00173903,0.002956448,0.001718692
11.40000000000000036,0.0002875938,0.0003060782,0.0003403538,0.001716198,0.002923256,0.001860548
11.5,0.000295649,0.0003234218,0.0003357088,0.001698216,0.002959878,0.001815178
11.60000000000000142,0.0002978468,0.0003233251,0.0003404116,0.001728177,0.003012689,0.001774778
11.70000000000000107,0.0002871269,0.0003192348,0.000327232,0.001787493,0.003141222,0.001699847
11.80000000000000071,0.0002932167,0.000308562,0.0003427119,0.001735247,0.00305056,0.001743091
11.90000000000000036,0.0002950619,0.0003143831,0.0003323742,0.001746173,0.003063859,0.001803771
12,0.0002870102,0.0003106504,0.0003443305,0.001840055,0.003311461,0.00177054
12.10000000000000142,0.0002975477,0.0003006131,0.0003299419,0.00170477,0.003289127,0.001749933
12.20000000000000107,0.0002908901,0.000312193,0.0003260395,0.001816256,0.00324512,0.001799394
12.30000000000000071,0.0002743554,0.0003112991,0.0003372863,0.001855277,0.003370981,0.001814396
12.40000000000000036,0.0002987158,0.0003140381,0.0003308101,0.001817798,0.003258834,0.001862177
12.5,0.0002888104,0.000310268,0.0003264533,0.001776196,0.003234562,0.001766941
12.60000000000000142,0.0002943522,0.0003062658,0.0003269446,0.001858474,0.00331463,0.001775245
12.70000000000000107,0.0002823583,0.0003083933,0.0003301566,0.001791182,0.003260536,0.001734925
12.80000000000000071,0.0002800353,0.0003110796,0.0003210025,0.001822187,0.003244239,0.001729309
12.90000000000000036,0.0002844654,0.0003001765,0.0003349495,0.001793707,0.003229467,0.001768674
13,0.0002853751,0.0003096598,0.0003327236,0.00174256,0.003137776,0.001805069
13.10000000000000142,0.0002911086,0.0003071959,0.0003253913,0.001828937,0.003181877,0.001807209
13.20000000000000107,0.000275855,0.0003174169,0.0003333473,0.001757923,0.003167167,0.001736233
13.30000000000000071,0.0002936509,0.0003047565,0.0003279215,0.001818841,0.00327888,0.001625098
13.40000000000000036,0.000275284,0.0003109433,0.0003326545,0.001739513,0.00312811,0.001760776
13.5,0.0002766274,0.0003069202,0.0003215045,0.001626551,0.003108885,0.001759517
13.60000000000000142,0.0002889577,0.0003152919,0.0003167296,0.001729397,0.003082162,0.001784345
13.70000000000000107,0.0002807226,0.0002990772,0.0003321162,0.001529055,0.00305192,0.001732287
13.80000000000000071,0.0002787516,0.0003045917,0.000316894,0.001671458,0.002901092,0.00170537
13.90000000000000036,0.0002766407,0.0003124952,0.0003177652,0.001608577,0.002928719,0.001653035
14,0.0002811601,0.0002940919,0.0003290936,0.001571944,0.002853554,0.001725381
14.10000000000000142,0.0002890642,0.0003124518,0.0003287186,0.00161235,0.002717264,0.001684306
14.20000000000000107,0.0002858699,0.000318604,0.0003306142,0.001583847,0.002690543,0.001658402
14.30000000000000071,0.0002783517,0.0003034246,0.0003259271,0.001540272,0.002750048,0.0016859
14.40000000000000036,0.0002694271,0.0002989332,0.0003210329,0.001558201,0.002684939,0.001625266
14.5,0.0002823249,0.0003026366,0.0003202241,0.001500203,0.002743428,0.001710374
14.60000000000000142,0.0002817595,0.0003074566,0.0003241773,0.0015107,0.002630285,0.001730931
14.70000000000000107,0.000276805,0.0003032922,0.0003197702,0.001490036,0.002739346,0.001648973
14.80000000000000071,0.0002746051,0.0002937055,0.0003212558,0.001519949,0.002703757,0.00167158
14.90000000000000036,0.0002729399,0.0003013984,0.0003177421,0.001501851,0.002610683,0.001590381
15,0.0002674206,0.0003014929,0.000313611,0.001479651,0.002716794,0.001605178
15.10000000000000142,0.0002692216,0.0003031493,0.0003246633,0.001509888,0.002686824,0.001643684
15.20000000000000107,0.0002722696,0.0003067052,0.0003175891,0.001486811,0.002583427,0.001628202
15.30000000000000071,0.0002836896,0.0003010238,0.0003165785,0.001509337,0.002666403,0.001626556
15.40000000000000036,0.0002859663,0.0002978546,0.0003143047,0.001456764,0.002730405,0.001640985
15.5,0.0002881387,0.0003051178,0.0003227007,0.001440903,0.002538111,0.001624895
15.60000000000000142,0.0002728201,0.0003034735,0.0003082368,0.001415349,0.002667536,0.001623971
15.70000000000000107,0.0002772561,0.0003040088,0.0003171484,0.001521542,0.002633999,0.001659768
15.80000000000000071,0.00027863,0.000292739,0.0003243194,0.001435056,0.002648292,0.001602822
15.90000000000000036,0.0002801853,0.000298194,0.000324215,0.001403916,0.002711116,0.001545368
16,0.0002852994,0.0003011688,0.0003178854,0.00148057,0.002662506,0.001541636
16.10000000000000142,0.0002694236,0.0003027592,0.0003092513,0.0014771,0.002659946,0.001501347
16.19999999999999929,0.000273665,0.0002939944,0.0003183343,0.001437703,0.002598246,0.001575579
16.30000000000000071,0.0002736643,0.0002979046,0.0003120601,0.001509312,0.002592147,0.001641419
16.40000000000000213,0.0002758265,0.0002999717,0.0003153075,0.001445581,0.002673179,0.001605076
16.5,0.0002773335,0.0003013416,0.0003260288,0.001460631,0.002621755,0.001516509
16.60000000000000142,0.000278031,0.0003095913,0.0003161925,0.001440687,0.00253651,0.001555668
16.69999999999999929,0.0002819728,0.0002960893,0.0003165413,0.001424545,0.002639633,0.00155531
16.80000000000000071,0.0002680337,0.0003065186,0.0003129023,0.001405586,0.002664753,0.001587053
16.90000000000000213,0.0002718485,0.0002962168,0.0003134681,0.001455618,0.002607763,0.001502627
17,0.0002722331,0.0002935937,0.0003172543,0.001438757,0.002700432,0.001507508
17.10000000000000142,0.0002657326,0.0002988145,0.0003133102,0.001489386,0.002728248,0.001553368
17.19999999999999929,0.000273308,0.0002985869,0.0003191156,0.001445996,0.002753689,0.001514203
17.30000000000000071,0.0002670573,0.0002995875,0.0003163855,0.001441653,0.002728141,0.001545962
17.40000000000000213,0.0002716177,0.000294446,0.000320667,0.001414429,0.002793602,0.001521204
17.5,0.0002720034,0.0002857512,0.0003099911,0.001546981,0.002830669,0.001605055
17.60000000000000142,0.0002699748,0.0003007858,0.0003211369,0.001432125,0.002946145,0.001526928
17.69999999999999929,0.0002727306,0.0003014126,0.000318672,0.00150482,0.002896575,0.001524985
17.80000000000000071,0.0002608905,0.000292805,0.0003192146,0.001529886,0.002930883,0.001530726
17.90000000000000213,0.0002683087,0.0002979898,0.0003100103,0.00146304,0.002767588,0.001567904
18,0.0002698477,0.000296483,0.0003125891,0.001525131,0.002905344,0.001579735
18.10000000000000142,0.0002684352,0.0003052574,0.0003078118,0.001512107,0.002812778,0.001583363
18.19999999999999929,0.0002744417,0.0003069601,0.0003175063,0.001477138,0.002779016,0.001546935
18.30000000000000071,0.0002722046,0.0002948664,0.0003096532,0.001459954,0.002722739,0.001537176
18.40000000000000213,0.0002668615,0.0003054607,0.0003295004,0.00145926,0.002760067,0.001544494
18.5,0.0002642299,0.0003003869,0.0003179161,0.001453685,0.002618074,0.001544805
18.60000000000000142,0.0002652956,0.000300578,0.0003267207,0.001397167,0.002765287,0.001502556
18.69999999999999929,0.0002645838,0.0003052105,0.0003070741,0.001349961,0.002559899,0.001496958
18.80000000000000071,0.0002724392,0.0003038788,0.0003120832,0.001371205,0.002608219,0.001467398
18.90000000000000213,0.0002656293,0.0002878691,0.0003035101,0.001417183,0.002810715,0.001476945
19,0.0002525722,0.0002953041,0.000311649,0.001350225,0.002660015,0.00148213
19.10000000000000142,0.0002634989,0.0003037315,0.0003169142,0.001393323,0.002620619,0.001461151
19.20000000000000284,0.0002630352,0.000303361,0.0003148746,0.001351723,0.002565485,0.001460918
19.30000000000000071,0.000268495,0.0002884891,0.0003171636,0.001347797,0.002608977,0.00139274
19.40000000000000213,0.0002548344,0.0002957814,0.000311828,0.001334917,0.002637356,0.001388513
19.5,0.0002621528,0.0003035267,0.0003190344,0.001343894,0.002560248,0.001388467
19.60000000000000142,0.0002632656,0.0002907036,0.0003063125,0.001332277,0.002517219,0.001364299
19.70000000000000284,0.0002557769,0.0003013843,0.0003191933,0.001319818,0.002534969,0.001396722
19.80000000000000071,0.0002702436,0.0002916996,0.0003044157,0.001293633,0.002482774,0.001423673
19.90000000000000213,0.0002650968,0.0002989293,0.0003148711,0.001292922,0.002448615,0.001375242
20,0.0002678901,0.0002985805,0.0003081713,0.001318738,0.002559049,0.001371427
20.10000000000000142,0.0002644321,0.0002970998,0.0003151524,0.001323579,0.002498086,0.001451842
20.20000000000000284,0.0002704683,0.0002984105,0.0003152982,0.001332694,0.002429426,0.00141316
20.30000000000000071,0.0002669552,0.0002950339,0.0003038087,0.001294325,0.002482886,0.001389141
20.40000000000000213,0.000256882,0.0002944876,0.000316317,0.001231848,0.002468591,0.001308093
20.5,0.000258892,0.0002936398,0.0003084749,0.001169442,0.002437687,0.001446757
20.60000000000000142,0.0002575602,0.0003013128,0.0003093982,0.001317749,0.002485376,0.001350984
20.70000000000000284,0.0002608465,0.0002893838,0.0002997481,0.001287276,0.002472458,0.001463472
20.80000000000000071,0.0002637517,0.0003037978,0.0003097448,0.001344608,0.002502038,0.001403079
20.90000000000000213,0.0002693895,0.0003134217,0.0003062175,0.001209306,0.002391623,0.001408794
21,0.0002699119,0.0002987131,0.0003048222,0.001234544,0.002534216,0.001357558
21.10000000000000142,0.0002614205,0.0002988912,0.0002962468,0.001327041,0.002435827,0.001430479
21.20000000000000284,0.000270056,0.0002974655,0.0003042751,0.001208087,0.002457749,0.001296083
21.30000000000000071,0.0002636913,0.0003055158,0.0003038139,0.001193832,0.002456673,0.001376301
21.40000000000000213,0.0002646511,0.000305977,0.00031277,0.001236481,0.002428026,0.001350659
21.5,0.0002687223,0.0002935718,0.000302005,0.001302461,0.002398088,0.001438103
21.60000000000000142,0.0002651063,0.0002881051,0.000308809,0.001205955,0.002523379,0.001391885
21.70000000000000284,0.0002546886,0.0002972506,0.0003101609,0.001227755,0.00250738,0.001349653
21.80000000000000071,0.0002582225,0.0002928051,0.0003155717,0.001203531,0.002497974,0.001369177
21.90000000000000213,0.0002743638,0.0002933593,0.0003088473,0.001249913,0.002577708,0.001369416
22,0.0002546053,0.0002935119,0.0003080272,0.001277366,0.002565838,0.001385519
22.10000000000000142,0.0002650398,0.0003036814,0.0003025553,0.001210685,0.00247607,0.00141174
22.20000000000000284,0.0002564091,0.0002988676,0.0003144672,0.001272629,0.002528539,0.001353527
22.30000000000000071,0.0002692328,0.0002991633,0.0003080744,0.00132337,0.002493567,0.001356575
22.40000000000000213,0.0002674943,0.0002927,0.0003066868,0.001305847,0.002495268,0.001446497
22.5,0.0002633683,0.0003004385,0.000309179,0.001271248,0.002653951,0.001371765
22.60000000000000142,0.000261892,0.0003037107,0.00031329,0.001215477,0.00260001,0.001377514
22.70000000000000284,0.0002511714,0.0003009603,0.0003089379,0.001317348,0.00252801,0.001353057
22.80000000000000071,0.0002497011,0.0002894251,0.0003128435,0.001242705,0.002543263,0.001404962
22.90000000000000213,0.0002650342,0.0002857704,0.0003065777,0.001283811,0.002505687,0.001359194
23,0.0002680462,0.000305748,0.0003048308,0.001285439,0.002616918,0.001407565
23.10000000000000142,0.0002549086,0.0003000786,0.0002985477,0.001289396,0.002653757,0.001430869
23.20000000000000284,0.000261981,0.0002991516,0.0003031964,0.001262301,0.002703253,0.001374896
23.30000000000000071,0.0002530586,0.0002914726,0.000313685,0.001219801,0.002635185,0.001358283
23.40000000000000213,0.0002627218,0.000292454,0.0003017802,0.001362025,0.002777782,0.001350959
23.5,0.0002549545,0.0003003586,0.0003147341,0.001287957,0.002561142,0.001354035
23.60000000000000142,0.0002557953,0.0002942679,0.0003082948,0.0013173,0.002627908,0.001407476
23.70000000000000284,0.0002644492,0.0002883672,0.0003021505,0.001194426,0.002623773,0.001308995
23.80000000000000071,0.0002629649,0.0003018551,0.000299617,0.001231561,0.00262005,0.00138365
23.90000000000000213,0.0002579052,0.0003026729,0.0003147645,0.001181825,0.00257749,0.001378213
24,0.0002585579,0.0002965354,0.0003113282,0.001305868,0.002542836,0.001397482
24.10000000000000142,0.0002566494,0.0003035876,0.0003122064,0.00120147,0.002540121,0.001292782
24.20000000000000284,0.0002572594,0.0003025273,0.0003006497,0.001182087,0.0025152,0.001291892
24.30000000000000071,0.0002578568,0.0003013639,0.000303579,0.001230167,0.002492605,0.001372899
24.40000000000000213,0.000244513,0.0002950717,0.0003117802,0.00123155,0.002530605,0.001271364
24.5,0.0002569368,0.0002903432,0.0003142074,0.001152773,0.002500657,0.001319182
24.60000000000000142,0.0002572083,0.0002901147,0.0002987475,0.001203191,0.002515951,0.001368036
24.70000000000000284,0.0002543455,0.0002985008,0.0003128758,0.001159445,0.002562086,0.001320935
24.80000000000000071,0.0002613819,0.0002984045,0.0003100606,0.001193595,0.002506059,0.001363709
24.90000000000000213,0.0002712718,0.0002956381,0.0003103934,0.001133742,0.002375147,0.001365139
25,0.0002575414,0.0003069623,0.000287823,0.001149599,0.002569873,0.001306523
25.10000000000000142,0.0002527463,0.0002918881,0.0003011244,0.00116675,0.002433592,0.001262619
25.20000000000000284,0.0002548864,0.0003046536,0.000305625,0.001114263,0.002485714,0.001290741
25.30000000000000071,0.000259584,0.0002930034,0.0002961686,0.001191107,0.002520521,0.001314834
25.40000000000000213,0.0002607205,0.000296966,0.0003061092,0.001132807,0.002511706,0.001219783
25.5,0.0002626508,0.0003005285,0.0002930714,0.001142262,0.002426309,0.001284094
25.60000000000000142,0.0002594719,0.0002946736,0.0003084393,0.001178548,0.0024395,0.001212826
25.70000000000000284,0.0002590468,0.000295622,0.0003160212,0.001077026,0.002563067,0.001299707
25.80000000000000071,0.0002550881,0.0002937164,0.0002972627,0.001128071,0.002442911,0.001239306
25.90000000000000213,0.0002441664,0.0002992302,0.0003067145,0.001200214,0.002541039,0.001280457
26,0.0002575115,0.000301046,0.0003179899,0.001135613,0.002526881,0.001313218
26.10000000000000142,0.0002506935,0.0002957626,0.0003073935,0.001111682,0.002480265,0.00128288
26.20000000000000284,0.0002642815,0.0003031244,0.0003040652,0.001195552,0.002444695,0.001304217
26.30000000000000071,0.0002545584,0.0002981308,0.0003026737,0.001152462,0.002455824,0.001249138
26.40000000000000213,0.0002493416,0.0002977104,0.0003023487,0.001083983,0.002533171,0.001284271
26.5,0.0002572526,0.0003056255,0.0003107994,0.001150914,0.002527214,0.001288775
26.60000000000000142,0.0002546189,0.0003069241,0.0003147643,0.001141081,0.002534359,0.00122918
26.70000000000000284,0.0002543027,0.0002982809,0.0003023191,0.00116464,0.002526654,0.001312188
26.80000000000000071,0.0002590289,0.0002978732,0.0003109703,0.001140066,0.00245278,0.001238362
26.90000000000000213,0.0002579594,0.0002986417,0.0003002187,0.001092241,0.002506041,0.001226995
27,0.0002574467,0.0003088808,0.0003054376,0.001065142,0.002393605,0.001255031
27.10000000000000142,0.0002541213,0.0002914382,0.0003070109,0.001069539,0.002489495,0.001254177
27.20000000000000284,0.0002655625,0.0003055932,0.0003013082,0.001126873,0.002542861,0.001231619
27.30000000000000071,0.0002563258,0.0002963168,0.0003097364,0.00118887,0.002542405,0.001303557
27.40000000000000213,0.0002594963,0.0002961516,0.0003082459,0.001110084,0.002609736,0.001212032
27.5,0.0002677788,0.0002974371,0.0003086784,0.001118649,0.002610547,0.001231991
27.60000000000000142,0.0002522148,0.0002989999,0.0003052316,0.001186646,0.002520538,0.001281162
27.70000000000000284,0.0002517972,0.000299825,0.0002971212,0.001193272,0.002628719,0.001214132
27.80000000000000071,0.0002536291,0.000298284,0.0003098817,0.001123799,0.002643401,0.001208311
27.90000000000000213,0.0002491323,0.000304664,0.0003120558,0.001209295,0.002641402,0.001284678
28,0.0002540173,0.0002997018,0.0003058208,0.001148361,0.002556252,0.00126373
28.10000000000000142,0.000252082,0.0003080928,0.000289769,0.001094133,0.002512302,0.001206159
28.20000000000000284,0.0002460866,0.0003047497,0.0003002806,0.001134337,0.002566749,0.001230656
28.30000000000000071,0.0002666381,0.0003032428,0.0002939495,0.00117442,0.002527913,0.001235187
28.40000000000000213,0.0002558015,0.000300526,0.0003038767,0.001161041,0.002661186,0.001298247
28.5,0.0002540534,0.0002945058,0.0002997737,0.001155732,0.002664808,0.001248984
28.60000000000000142,0.0002656716,0.0003004563,0.0003069341,0.001163187,0.002804466,0.001184639
28.70000000000000284,0.0002494622,0.0003035864,0.0003080088,0.001190165,0.00256054,0.001233599
28.80000000000000071,0.0002491928,0.0003100774,0.0002992854,0.001191699,0.002554023,0.001241989
28.90000000000000213,0.0002569077,0.0003076985,0.0003028553,0.001030785,0.002522447,0.001289865
29,0.0002581896,0.0002977636,0.0002967516,0.001072851,0.002548785,0.001278693
29.10000000000000142,0.0002566612,0.0002995022,0.0003041777,0.001061909,0.002584938,0.001235579
29.20000000000000284,0.0002596898,0.0003042156,0.000307698,0.001100124,0.002607695,0.001244711
29.30000000000000071,0.0002535379,0.0002990818,0.0003068601,0.001078109,0.002602862,0.001229797
29.40000000000000213,0.0002388046,0.0003012821,0.0002928894,0.001084531,0.002578755,0.001145925
29.5,0.0002551568,0.0003052307,0.0003023067,0.001030114,0.002607629,0.001126504
29.60000000000000142,0.0002493795,0.000298121,0.0003086014,0.00113656,0.002583913,0.001242041
29.70000000000000284,0.0002515205,0.00030414,0.0003015546,0.001110766,0.002584478,0.001165681
29.80000000000000071,0.0002536475,0.0003116733,0.0003083378,0.001038482,0.002484259,0.001126508
29.90000000000000213,0.0002470058,0.0003019986,0.0003052935,0.001105517,0.002455932,0.001214131
30,0.0002550973,0.0003146945,0.000294788,0.001049608,0.002558913,0.001140925
30.10000000000000142,0.0002481549,0.000313417,0.0002915347,0.001067599,0.00253614,0.00121545
30.20000000000000284,0.0002496623,0.0003087281,0.0003027828,0.001098863,0.002484768,0.001191466
30.30000000000000071,0.0002580826,0.0003078652,0.0003018827,0.0010247,0.002465961,0.001185149
30.40000000000000213,0.0002408678,0.0003018484,0.000302535,0.001050729,0.002579822,0.001161556
30.5,0.0002564977,0.0002991496,0.0003035915,0.001054838,0.002569141,0.001142314
30.60000000000000142,0.0002534353,0.0003070741,0.0003021841,0.001040619,0.002517705,0.001123158
30.70000000000000284,0.0002509455,0.0003082329,0.0002951364,0.001041938,0.002491156,0.001129283
30.80000000000000071,0.0002600953,0.0003082917,0.0002902151,0.001102606,0.002509434,0.001235736
30.90000000000000213,0.0002503631,0.0003148312,0.0002958582,0.001122487,0.002517444,0.001227772
31,0.0002446614,0.0003025297,0.0003046694,0.00103649,0.002470865,0.001162348
31.10000000000000142,0.0002546599,0.0003161823,0.0002896593,0.001072025,0.002624853,0.00109934
31.20000000000000284,0.0002572171,0.0003127765,0.0002890556,0.001071604,0.002514329,0.00118951
31.30000000000000071,0.0002563366,0.0003123196,0.0002984446,0.001033979,0.002535238,0.001125539
31.40000000000000213,0.0002499164,0.0003091212,0.0002922083,0.001019145,0.002522836,0.001203196
31.5,0.0002458241,0.0003119496,0.0002906316,0.001056805,0.002607621,0.001200463
31.60000000000000142,0.0002525877,0.0003213048,0.0003096262,0.001026677,0.002547657,0.001180021
31.70000000000000284,0.0002552497,0.0003076796,0.0003006478,0.0009781048,0.002566706,0.001156996
31.80000000000000071,0.0002406392,0.0003078201,0.0003026847,0.0009838894,0.002534896,0.001141691
31.90000000000000213,0.0002610566,0.0003004213,0.0002981193,0.0009499229,0.002387073,0.001140117
32,0.000253234,0.0003162598,0.0003049175,0.0009850871,0.002508867,0.001150695
32.10000000000000142,0.0002512027,0.000313866,0.000311217,0.001040969,0.002560242,0.001154888
32.20000000000000284,0.0002540236,0.0003133013,0.0003069901,0.001036497,0.00258513,0.001191317
32.30000000000000426,0.0002555438,0.0003101329,0.0003099265,0.001057672,0.002605227,0.001141007
32.39999999999999858,0.0002502014,0.0002975447,0.0003082516,0.0009973225,0.002620316,0.001151848
32.5,0.0002495487,0.0003019083,0.0003072054,0.001044778,0.002542752,0.001182466
32.60000000000000142,0.0002586772,0.0003041284,0.0003067541,0.00103101,0.002659104,0.001158812
32.70000000000000284,0.0002566877,0.0003072198,0.0003109362,0.001023611,0.002566261,0.001180534
32.80000000000000426,0.0002443018,0.0003229256,0.0003088143,0.001091325,0.002656359,0.001141204
32.89999999999999858,0.0002486834,0.0003107203,0.0003011238,0.001067735,0.002595267,0.001164225
33,0.0002554121,0.0003069167,0.0003060201,0.001040232,0.002602524,0.001109627
33.10000000000000142,0.0002545215,0.0003095026,0.0002995997,0.000972989,0.002696334,0.001146306
33.20000000000000284,0.0002529693,0.0003154383,0.0003072651,0.001089722,0.002635536,0.001141452
33.30000000000000426,0.0002437449,0.00031288,0.0003035973,0.001043356,0.002507842,0.001154466
33.39999999999999858,0.0002513826,0.0003122486,0.0003016952,0.001031072,0.002579683,0.001174982
33.5,0.0002539331,0.0003079839,0.0002951746,0.001070862,0.002616167,0.001222765
33.60000000000000142,0.0002518174,0.0003197463,0.0002890218,0.001084441,0.002590115,0.00118965
33.70000000000000284,0.0002513079,0.0003117165,0.0002977153,0.001084473,0.00270505,0.001200399
33.80000000000000426,0.000256729,0.0003137437,0.0003060861,0.00106266,0.002589671,0.0012187
33.89999999999999858,0.0002395981,0.0003079575,0.000302111,0.001024099,0.00262255,0.001161707
34,0.0002416713,0.0003052639,0.0003014301,0.001047047,0.002664182,0.001118869
34.10000000000000142,0.0002422276,0.0003172812,0.0002983192,0.001041418,0.002598571,0.001182673
34.20000000000000284,0.0002572215,0.0003072968,0.0003031387,0.001057898,0.002638184,0.001118061
34.30000000000000426,0.0002594758,0.0003162744,0.0002937003,0.001015927,0.002599955,0.001141406
34.39999999999999858,0.000254597,0.0003152553,0.0002931854,0.0009872487,0.002555427,0.001115126
34.5,0.000244793,0.0003266006,0.0003009389,0.0009986233,0.002572583,0.001152048
34.60000000000000142,0.0002584209,0.0003138054,0.0003063217,0.001045809,0.002520651,0.001113501
34.70000000000000284,0.0002564529,0.0003108494,0.000303129,0.0009482252,0.002577634,0.001096786
34.80000000000000426,0.0002512957,0.0003140858,0.0003023969,0.0009788299,0.002568452,0.001110307
34.89999999999999858,0.0002543228,0.0003156287,0.0003119739,0.001031825,0.002549441,0.00108537
35,0.0002532043,0.0003129473,0.0002866506,0.0009783631,0.002600165,0.00110586
35.10000000000000142,0.0002498274,0.0003157052,0.0003038397,0.001028605,0.002571178,0.001155879
35.20000000000000284,0.0002443413,0.0003245635,0.0002934912,0.0009564348,0.002541861,0.001140987
35.30000000000000426,0.0002516635,0.0003172159,0.0002984222,0.0009555737,0.002622728,0.001165868
35.39999999999999858,0.0002532387,0.0003175948,0.0003047597,0.0009756759,0.002615942,0.001046751
35.5,0.0002581325,0.0003208405,0.0002957957,0.0009620604,0.002669104,0.001073391
35.60000000000000142,0.0002383447,0.0003048205,0.0002953645,0.0009978781,0.002621221,0.001129309
35.70000000000000284,0.0002414191,0.0003173232,0.0002955094,0.0008881083,0.002451919,0.001142763
35.80000000000000426,0.0002501428,0.0003150736,0.000303646,0.000953781,0.002608468,0.001094751
35.89999999999999858,0.0002402081,0.0003229011,0.0003006662,0.000986937,0.002528031,0.001106842
36,0.0002602743,0.0003196453,0.0003132123,0.0009980897,0.002530183,0.00117771
36.10000000000000142,0.0002502116,0.0003143845,0.0002818942,0.0009251847,0.002584338,0.001127146
36.20000000000000284,0.0002439443,0.0003206348,0.0003015828,0.0009745749,0.002596774,0.00108672
36.30000000000000426,0.0002560879,0.000324546,0.0003087036,0.000965411,0.00252208,0.001152112
36.39999999999999858,0.0002653421,0.0003203847,0.0002968407,0.000997125,0.002641911,0.00111879
36.5,0.0002546994,0.000317627,0.0003019046,0.000922505,0.00256689,0.001125541
36.60000000000000142,0.0002421179,0.0003154747,0.0002926921,0.0009998485,0.002641419,0.001100328
36.70000000000000284,0.000250039,0.0003148564,0.0002885569,0.0009797762,0.002657659,0.001082557
36.80000000000000426,0.0002496333,0.0003087167,0.0002973858,0.00100667,0.00258672,0.001150955
36.89999999999999858,0.0002478916,0.0003138419,0.0003004362,0.0009825285,0.002616894,0.001098811
37,0.0002466567,0.0003231533,0.0003044442,0.00102063,0.002635755,0.0010239
37.10000000000000142,0.000243434,0.0003192072,0.0002943008,0.0009244001,0.002624519,0.001162813
37.20000000000000284,0.0002426574,0.0003273828,0.0003094955,0.000991937,0.002578485,0.001196849
37.30000000000000426,0.0002522096,0.0003198781,0.0002917307,0.0009744941,0.002601198,0.001114961
37.39999999999999858,0.0002583339,0.0003248986,0.000306085,0.0009640097,0.002652308,0.001087452
37.5,0.000246222,0.0003102026,0.0002951209,0.0009191915,0.002589303,0.001104632
37.60000000000000142,0.0002566939,0.0003160174,0.0002946091,0.001024636,0.002690171,0.001067185
37.70000000000000284,0.000239228,0.00031691,0.0002945254,0.001036979,0.002613163,0.001111152
37.80000000000000426,0.0002439906,0.00032075,0.0002992854,0.001032806,0.002704254,0.001099359
37.89999999999999858,0.0002430871,0.0003194827,0.000301588,0.0009445009,0.002765112,0.001085151
38,0.0002443211,0.0003207226,0.0003024947,0.0009907135,0.002740468,0.001136923
38.10000000000000142,0.0002332658,0.0003244606,0.0002957015,0.0009781547,0.002688809,0.001080359
38.20000000000000284,0.0002489545,0.0003327164,0.0003072796,0.0009609224,0.002722087,0.001170878
38.30000000000000426,0.0002537567,0.0003157898,0.0002990261,0.0009903742,0.002799034,0.001105039
38.40000000000000568,0.000245057,0.0003302499,0.000295555,0.001011204,0.002741243,0.001051177
38.5,0.0002466501,0.0003237443,0.0003000785,0.0009765238,0.002687718,0.001100995
38.60000000000000142,0.0002610656,0.0003313797,0.0002982351,0.00100848,0.002685609,0.001044014
38.70000000000000284,0.0002442325,0.000321711,0.0002916046,0.0009957664,0.002741486,0.001134015
38.80000000000000426,0.0002521674,0.0003236241,0.0002897183,0.0009809577,0.002724161,0.0009889298
38.90000000000000568,0.0002417687,0.0003227979,0.0003013869,0.001001836,0.002703395,0.001158834
39,0.0002439156,0.0003319176,0.0002965807,0.0009995013,0.00261621,0.001127962
39.10000000000000142,0.0002419222,0.0003322673,0.0003068151,0.0009789454,0.002758282,0.001066714
39.20000000000000284,0.0002397096,0.0003248708,0.0003024359,0.0009254521,0.002603033,0.001121548
39.30000000000000426,0.0002468128,0.0003212706,0.0002985447,0.0009576863,0.002759402,0.001062959
39.40000000000000568,0.0002485787,0.0003334611,0.0002939365,0.0009609098,0.002652463,0.001011696
39.5,0.0002381946,0.0003257946,0.0003073336,0.0009817673,0.002718294,0.001047536
39.60000000000000142,0.0002510199,0.0003277032,0.0002979688,0.0009256714,0.002671193,0.001068785
39.70000000000000284,0.0002585497,0.0003220716,0.0002939103,0.0009415576,0.002682017,0.001095379
39.80000000000000426,0.0002453766,0.0003298902,0.0003042403,0.0009758273,0.002665905,0.001077452
39.90000000000000568,0.0002601788,0.0003265878,0.0003085479,0.0008538633,0.002610562,0.00112839
40,0.0002383652,0.0003260517,0.000292538,0.0009266848,0.002750148,0.00103011
40.10000000000000142,0.0002500517,0.0003263019,0.0003025224,0.0008924284,0.002747903,0.001071302
40.20000000000000284,0.0002420051,0.0003289829,0.0003035265,0.0009014656,0.002698911,0.001061159
40.30000000000000426,0.0002428781,0.0003338797,0.0003084622,0.0008998999,0.002693807,0.001056716
40.40000000000000568,0.0002460869,0.0003331829,0.0003003467,0.0009013055,0.002649018,0.001058725
40.5,0.000248556,0.0003400062,0.0002932731,0.0009515003,0.002702597,0.00107248
40.60000000000000142,0.0002497953,0.0003271882,0.0003092269,0.0009452139,0.002630511,0.001015072
40.70000000000000284,0.0002540692,0.0003247575,0.0003014804,0.0009436835,0.002642383,0.00109803
40.80000000000000426,0.0002454198,0.0003290454,0.0002952544,0.0009085462,0.002606179,0.001026663
40.90000000000000568,0.0002452804,0.0003308957,0.0002969023,0.0009381297,0.002740139,0.001081226
41,0.0002461513,0.0003236652,0.0003004224,0.0009684971,0.002656474,0.001037232
41.10000000000000142,0.0002450018,0.0003340259,0.0002922213,0.0008857356,0.002648614,0.001029597
41.20000000000000284,0.0002512595,0.0003225923,0.0002963834,0.0009786629,0.002739866,0.001071994
41.30000000000000426,0.0002457509,0.000331298,0.0002947266,0.0009178709,0.002641465,0.001060428
41.40000000000000568,0.000240792,0.0003250659,0.0003069266,0.0009611774,0.002709067,0.001046095
41.5,0.0002476007,0.0003322197,0.0002945179,0.0009047034,0.002677452,0.001060204
41.60000000000000142,0.0002357583,0.0003360054,0.0003014875,0.0009315038,0.002682713,0.001086423
41.70000000000000284,0.0002350773,0.0003297499,0.0002995821,0.000973056,0.002728945,0.001089475
41.80000000000000426,0.0002440533,0.0003404947,0.0003048683,0.0009298344,0.00273429,0.001059025
41.90000000000000568,0.0002554717,0.000329716,0.0002862222,0.0009161156,0.002750436,0.001001107
42,0.0002544813,0.0003367271,0.0003000277,0.0009181582,0.002746406,0.001035567
42.10000000000000142,0.000248148,0.0003288637,0.0002958827,0.0009339597,0.002676178,0.001004935
42.20000000000000284,0.000248707,0.0003353808,0.0003052611,0.0009979049,0.002669651,0.001058256
42.30000000000000426,0.0002306691,0.0003337931,0.0003050404,0.0009293452,0.002747689,0.001036671
42.40000000000000568,0.0002524391,0.0003270486,0.0002892791,0.0009501317,0.002733097,0.001035082
42.5,0.000249946,0.0003319869,0.0003060546,0.0009305979,0.002769518,0.0009971276
42.60000000000000142,0.000237496,0.0003295291,0.0002958852,0.0009394168,0.002752107,0.001068299
42.70000000000000284,0.0002519566,0.0003325782,0.0003092249,0.000933526,0.00277077,0.001028049
42.80000000000000426,0.000242592,0.0003411049,0.0002899293,0.0009496044,0.002694932,0.001032883
42.90000000000000568,0.0002451718,0.000336729,0.0002962036,0.0009057138,0.002763862,0.001006041
43,0.0002419154,0.0003387617,0.0003089687,0.0009874791,0.002760332,0.001036456
43.10000000000000142,0.0002467275,0.0003356013,0.0002980171,0.0009519636,0.002663497,0.001006741
43.20000000000000284,0.0002511905,0.0003293904,0.0003044759,0.000968968,0.002780377,0.001036568
43.30000000000000426,0.0002399858,0.0003336816,0.0002959328,0.0009882924,0.002842541,0.00105576
43.40000000000000568,0.0002497539,0.0003351556,0.0003071893,0.0009136639,0.00275466,0.0009754122
43.5,0.000254163,0.0003392685,0.0003021665,0.0009802324,0.002749676,0.001127601
43.60000000000000142,0.0002328177,0.0003406705,0.0002974274,0.0009016465,0.002773176,0.001085878
43.70000000000000284,0.0002563446,0.0003324927,0.0003024009,0.0009397887,0.00277519,0.001041029
43.80000000000000426,0.0002428598,0.000348359,0.0003054635,0.0009441504,0.002873845,0.001126457
43.90000000000000568,0.000252767,0.0003500924,0.0003029338,0.001002895,0.002747123,0.001069301
44,0.0002321757,0.0003339381,0.0002907873,0.0008996151,0.002819736,0.00106806
44.10000000000000142,0.0002503025,0.0003414455,0.0002953986,0.0008846966,0.002831789,0.00106252
44.20000000000000284,0.0002441235,0.0003430116,0.0003064126,0.0008825606,0.002806322,0.001035228
44.30000000000000426,0.0002356659,0.0003394364,0.000309507,0.0008327563,0.00286175,0.001067369
44.40000000000000568,0.0002326952,0.0003390905,0.0002963636,0.0009411361,0.002844765,0.001029657
44.5,0.0002522048,0.0003368399,0.0002994878,0.0009661054,0.002812866,0.001079525
44.60000000000000142,0.0002473397,0.0003526683,0.0002972126,0.0008662798,0.002780791,0.001053469
44.70000000000000284,0.0002441376,0.0003409608,0.0003046874,0.0008764601,0.002810383,0.001006278
44.80000000000000426,0.0002558989,0.0003437347,0.0002958332,0.0008782655,0.002757272,0.001047931
44.90000000000000568,0.0002447852,0.0003498924,0.0003027554,0.0008506073,0.002831797,0.001058734
45,0.0002445619,0.0003508245,0.0002939953,0.0008821309,0.002844747,0.0009707555
45.10000000000000142,0.0002343865,0.0003449884,0.00030543,0.00086654,0.002755424,0.001075189
45.20000000000000284,0.0002417475,0.0003506961,0.0002920889,0.0008288452,0.002746554,0.001043416
45.30000000000000426,0.000251643,0.00034578,0.000293787,0.0009111113,0.002777196,0.001048983
45.40000000000000568,0.0002340168,0.0003448627,0.0002860432,0.0009181224,0.002698641,0.00101897
45.5,0.000238258,0.0003396024,0.0003028153,0.0008774116,0.002785839,0.001003894
45.60000000000000142,0.0002579273,0.0003403083,0.0003119538,0.0008725316,0.002762042,0.0009809217
45.70000000000000284,0.0002339533,0.000346179,0.0002951597,0.0008714854,0.002831399,0.001101706
45.80000000000000426,0.0002418276,0.0003498894,0.0003074607,0.00087425,0.002840173,0.001008703
45.90000000000000568,0.0002499214,0.0003458066,0.0002988094,0.0009459979,0.002745251,0.001026238
46,0.0002463879,0.0003496175,0.0003021463,0.0008604017,0.002844782,0.001007261
46.10000000000000142,0.000243024,0.0003508825,0.00029956,0.0009219231,0.002777361,0.001023624
46.20000000000000284,0.0002418845,0.0003444646,0.0002979409,0.0009433526,0.00281832,0.001014978
46.30000000000000426,0.0002335885,0.0003409171,0.0003069834,0.0008652644,0.00276998,0.001016816
46.40000000000000568,0.0002445901,0.0003376601,0.0002931529,0.0008538791,0.002753189,0.001078396
46.5,0.000254688,0.0003515528,0.0003073942,0.0009168558,0.002845717,0.001050854
46.60000000000000142,0.0002415696,0.0003385005,0.0003066246,0.0008409495,0.002803242,0.001063836
46.70000000000000284,0.0002453501,0.0003460465,0.0003015464,0.0008419254,0.002773044,0.001028416
46.80000000000000426,0.0002580827,0.0003435389,0.0002991404,0.0009218145,0.002839709,0.001056475
46.90000000000000568,0.0002459417,0.0003506586,0.0002984053,0.0008977738,0.002858949,0.001074452
47,0.000231211,0.0003553149,0.000311578,0.0008833712,0.002781791,0.001026598
47.10000000000000142,0.0002425671,0.0003398627,0.0002985447,0.0009333631,0.002830844,0.0009632002
47.20000000000000284,0.0002245061,0.0003549452,0.0003044329,0.000917748,0.002803861,0.001030597
47.30000000000000426,0.0002402193,0.0003400852,0.0002959669,0.0009016853,0.002907395,0.0009786933
47.40000000000000568,0.0002509565,0.0003522195,0.0002995761,0.0009100158,0.00275663,0.001002367
47.5,0.0002433964,0.0003407858,0.000289473,0.0009204686,0.002815382,0.0009688281
47.60000000000000142,0.0002439062,0.0003490916,0.0003025616,0.0008801578,0.002833568,0.000972963
47.70000000000000284,0.000241917,0.0003603912,0.0003044912,0.0008964273,0.002873179,0.001028885
47.80000000000000426,0.0002352849,0.0003492576,0.0003131214,0.0009581835,0.00282689,0.0009488988
47.90000000000000568,0.0002397158,0.0003408301,0.0002925257,0.0009428692,0.002835178,0.001055002
48,0.0002413318,0.0003528154,0.0003077849,0.0009458561,0.0029439,0.001081313
48.10000000000000142,0.0002330934,0.0003503234,0.0003056642,0.0009377381,0.002898158,0.00101388
48.20000000000000284,0.0002476826,0.0003572262,0.0003076166,0.0009068791,0.002875613,0.001056137
48.30000000000000426,0.000240369,0.0003546321,0.0003045592,0.0009031121,0.00290888,0.001061258
48.40000000000000568,0.000241253,0.0003549939,0.0002859621,0.0009191643,0.00291848,0.001029986
48.5,0.0002385494,0.0003514049,0.0002993365,0.0009989853,0.002870233,0.0009984008
48.60000000000000142,0.000244478,0.0003522907,0.0003066006,0.0009629221,0.002936609,0.001002006
48.70000000000000284,0.000245204,0.0003593452,0.0003128581,0.0009193876,0.00287857,0.001019999
48.80000000000000426,0.0002351551,0.0003519037,0.0003001401,0.0009646416,0.00292507,0.001045993
48.90000000000000568,0.0002587606,0.0003545932,0.0002917282,0.0009658738,0.002935225,0.001008687
49,0.0002551562,0.0003512361,0.0003132202,0.0008925908,0.002883846,0.001012968
49.10000000000000142,0.0002325902,0.0003572347,0.0003058431,0.0009209068,0.002891948,0.001037707
49.20000000000000284,0.0002355425,0.0003542993,0.0002951699,0.0009585042,0.003021283,0.0009885162
49.30000000000000426,0.0002414143,0.000360555,0.0003081149,0.0009117793,0.00285106,0.00107939
49.40000000000000568,0.0002441983,0.0003623845,0.0003074453,0.0009033475,0.002933504,0.001048687
49.5,0.0002336358,0.0003604827,0.000288837,0.0009479308,0.002994291,0.001039226
49.60000000000000142,0.0002320918,0.0003614562,0.0003095239,0.0009115314,0.002900406,0.001018024
49.70000000000000284,0.0002263781,0.0003632283,0.0003057235,0.0008987674,0.002907053,0.0008821699
49.80000000000000426,0.0002483848,0.0003524063,0.0002971189,0.0009061558,0.002927825,0.0009906715
49.90000000000000568,0.0002466647,0.0003555154,0.0003114978,0.000923871,0.002866525,0.001050851
50,0.0002358455,0.0003611275,0.0002994231,0.0009175484,0.002929087,0.0009688862
50.10000000000000142,0.0002333905,0.000365412,0.0003110201,0.0008861472,0.002915629,0.0009742729
50.20000000000000284,0.0002506908,0.0003568558,0.000302117,0.0008970941,0.002852733,0.0009357441
50.30000000000000426,0.0002486935,0.0003573489,0.0003134812,0.0009112253,0.002833191,0.0009972648
50.40000000000000568,0.0002364003,0.0003696437,0.0003070027,0.0008289327,0.002881771,0.001037885
50.5,0.0002252787,0.0003692087,0.0002974736,0.0008936132,0.002930311,0.0009498239
50.60000000000000142,0.0002487044,0.0003650946,0.0003005129,0.0009506767,0.002917774,0.0009659652
50.70000000000000284,0.0002476455,0.0003608067,0.0002894048,0.0008622126,0.00290509,0.001016288
50.80000000000000426,0.0002317566,0.0003555603,0.000307307,0.0008540575,0.002914702,0.001071724
50.90000000000000568,0.0002315755,0.000358986,0.0003251899,0.0008709301,0.002883433,0.0010568
51,0.0002452061,0.0003614625,0.0002998278,0.000884318,0.002937741,0.000990188
51.10000000000000142,0.0002442217,0.0003593152,0.0003109417,0.0008506893,0.002951664,0.0009652199
51.20000000000000284,0.0002299667,0.0003567078,0.0003065939,0.0008727731,0.002828782,0.001015923
51.30000000000000426,0.0002329308,0.0003563485,0.0002938395,0.0009309891,0.002933288,0.0009431146
51.40000000000000568,0.0002378275,0.0003679943,0.0003136352,0.0009119529,0.003071117,0.0009810884
51.5,0.0002399729,0.0003632537,0.0003156162,0.0008513328,0.002894861,0.001039545
51.60000000000000142,0.0002450442,0.0003535503,0.0003073079,0.0008582037,0.002896495,0.0009588213
51.70000000000000284,0.000242097,0.0003693105,0.0003064694,0.0008667449,0.002969286,0.0009495383
51.80000000000000426,0.0002215282,0.0003669321,0.0003023955,0.0008544781,0.002959723,0.000903854
51.90000000000000568,0.0002467039,0.0003722563,0.0003029219,0.000789124,0.002898548,0.0009840573
52,0.0002372601,0.0003674455,0.0003105278,0.0008308829,0.002988658,0.001027725
52.10000000000000142,0.0002339398,0.0003623791,0.0003039003,0.000906012,0.00299513,0.0009716225
52.20000000000000284,0.0002304874,0.000370378,0.0003035996,0.0008441168,0.00295885,0.0009514918
52.30000000000000426,0.0002267601,0.0003742341,0.0003101704,0.0008504641,0.003036642,0.001001671
52.40000000000000568,0.0002494529,0.0003738214,0.000295832,0.0008371924,0.002961718,0.001027915
52.5,0.0002520152,0.0003701343,0.000299035,0.0008111741,0.00296551,0.0009360468
52.60000000000000142,0.000237368,0.0003660055,0.0003113071,0.000865831,0.002981761,0.0009933821
52.70000000000000284,0.0002561836,0.0003636878,0.0003106745,0.0008375712,0.002940784,0.001008074
52.80000000000000426,0.0002525799,0.0003638096,0.0003095077,0.0008251297,0.002991723,0.0009511872
52.90000000000000568,0.0002553149,0.0003631701,0.0003049069,0.0008924401,0.002959489,0.0009470766
53,0.000238093,0.0003733524,0.000295371,0.00088917,0.002975599,0.00101535
53.10000000000000142,0.000224792,0.000379618,0.0002976568,0.0008333167,0.00295134,0.0009898479
53.20000000000000284,0.0002348465,0.0003678144,0.0003086041,0.0009348858,0.003005628,0.0009453249
53.30000000000000426,0.0002449601,0.0003686882,0.0003091543,0.0009017986,0.00293911,0.001008236
53.40000000000000568,0.0002302062,0.0003790303,0.0003120089,0.0008569557,0.003014318,0.001008612
53.5,0.0002229061,0.0003765596,0.0003021385,0.0009308547,0.003020959,0.0009532016
53.60000000000000142,0.0002328448,0.0003668779,0.0003108623,0.0008771222,0.003006975,0.0009668442
53.70000000000000284,0.0002353921,0.0003731591,0.000303618,0.0008665604,0.003002538,0.0009911947
53.80000000000000426,0.0002508135,0.0003731972,0.0003031549,0.0008635881,0.003010797,0.0009739895
53.90000000000000568,0.000238239,0.0003711772,0.0003165718,0.0008605786,0.003072768,0.001042172
54,0.0002318859,0.0003782198,0.0003087625,0.000878916,0.003024539,0.0009670192
54.10000000000000142,0.0002389117,0.0003744481,0.0003115604,0.0008869759,0.003050704,0.000935689
54.20000000000000284,0.0002363712,0.0003741705,0.0003083653,0.0008540199,0.003077392,0.001013263
54.30000000000000426,0.0002417658,0.0003699569,0.0002947958,0.0009184934,0.003084168,0.001054054
54.40000000000000568,0.0002527258,0.0003773833,0.0002996015,0.0008761667,0.003049395,0.0009706763
54.5,0.0002374351,0.0003856247,0.0003114891,0.0008311566,0.002997845,0.001035296
54.60000000000000142,0.0002368043,0.0003796254,0.0003131468,0.000874275,0.003022127,0.001006184
54.70000000000000284,0.0002492678,0.0003727164,0.0003083656,0.0008809926,0.003060816,0.0009093844
54.80000000000000426,0.0002567258,0.0003776574,0.0003081983,0.0008760407,0.003137172,0.0009587105
54.90000000000000568,0.0002343857,0.0003713323,0.0003008696,0.0008854793,0.003008129,0.0009640792
55,0.000232974,0.0003756782,0.0003073026,0.0008753143,0.003084907,0.0009094021
55.10000000000000142,0.0002340318,0.0003782939,0.0003054574,0.0008716788,0.003093842,0.0009054656
55.20000000000000284,0.0002345075,0.0003742875,0.000305181,0.000861083,0.002981098,0.0009594176
55.30000000000000426,0.0002416645,0.0003766597,0.000318691,0.0008642006,0.003030751,0.001072622
55.40000000000000568,0.0002431301,0.0003683644,0.0003047677,0.0008229122,0.003109618,0.0009471258
55.5,0.0002329751,0.0003735841,0.0003105128,0.0008296414,0.003050573,0.0009439508
55.60000000000000142,0.0002363339,0.0003819784,0.0003148356,0.000887174,0.003016058,0.0009736694
55.70000000000000284,0.0002370826,0.0003818957,0.0003148052,0.000827321,0.0030906,0.00101526
55.80000000000000426,0.0002302481,0.0003802966,0.0003077011,0.0008696024,0.00312835,0.0009738467
55.90000000000000568,0.0002469078,0.0003799498,0.0003085808,0.0008627765,0.003013991,0.0009760848
56,0.0002406107,0.0003791979,0.0003110605,0.0008568142,0.002991092,0.001042141
56.10000000000000142,0.0002241243,0.0003761458,0.0003099492,0.0008323531,0.00309606,0.000964523
56.20000000000000284,0.0002253026,0.0003749446,0.0003175887,0.0008688684,0.003053981,0.0009463529
56.30000000000000426,0.0002302193,0.0003783022,0.0003044776,0.0009109375,0.003019569,0.000987526
56.40000000000000568,0.0002405021,0.0003799835,0.0002948097,0.0008555479,0.003077175,0.0009620712
56.5,0.0002470565,0.0003816114,0.000302792,0.000924539,0.003053401,0.0009364028
56.60000000000000142,0.0002420678,0.0003782583,0.0003120498,0.0008907366,0.003035351,0.0009669761
56.70000000000000284,0.0002301877,0.0003726174,0.0003127844,0.0008849669,0.003102018,0.001008213
56.80000000000000426,0.0002419581,0.0003913805,0.0003202285,0.0008906903,0.003022379,0.0009913651
56.90000000000000568,0.0002490105,0.0003879006,0.0003153823,0.0008447787,0.003086827,0.0009481161
57,0.0002342391,0.0003768681,0.0003039418,0.0008420233,0.003085882,0.0009438034
57.10000000000000142,0.0002418387,0.0003843374,0.0003084392,0.0009328514,0.003053866,0.0009976164
57.20000000000000284,0.0002407298,0.0003905843,0.0003093909,0.0008940116,0.003055004,0.0009398117
57.30000000000000426,0.0002368756,0.0003822955,0.0003045418,0.0008283529,0.003101892,0.0009982696
57.40000000000000568,0.0002369003,0.0003711008,0.0002999673,0.0008792413,0.003118767,0.001048854
57.5,0.0002415531,0.0003755058,0.0003158719,0.0009053148,0.003085559,0.0009495903
57.60000000000000142,0.0002307296,0.0003852468,0.0003162984,0.0008925206,0.003048236,0.0009544922
57.70000000000000284,0.0002284559,0.0003826271,0.0003084919,0.0008937384,0.003088371,0.0009562985
57.80000000000000426,0.0002475532,0.0003869702,0.0003071418,0.0009123815,0.003121663,0.0009295659
57.90000000000000568,0.0002452548,0.0003768297,0.000303258,0.0008876905,0.003161031,0.0009225855
58,0.000233101,0.0003889602,0.0003088704,0.0008476126,0.003120943,0.0009333121
58.10000000000000142,0.0002251025,0.0003969599,0.0003163183,0.0008827281,0.00308072,0.0009603092
58.20000000000000284,0.0002298535,0.0003882663,0.0003085646,0.0008266068,0.00313106,0.0009025762
58.30000000000000426,0.0002361234,0.0003856482,0.0003099722,0.0008473611,0.003184352,0.0008895023
58.40000000000000568,0.0002387249,0.0003911381,0.0003212365,0.000873819,0.003128546,0.00102268
58.5,0.0002369017,0.0003892783,0.0003163726,0.000892651,0.003163565,0.0009646261
58.60000000000000142,0.0002257151,0.000383971,0.000314653,0.0008592616,0.003190977,0.0009568415
58.70000000000000284,0.0002314545,0.000389387,0.0003068476,0.0008638078,0.003140788,0.0009887399
58.80000000000000426,0.000245939,0.0003991723,0.0003122283,0.0008745577,0.003188369,0.0009385013
58.90000000000000568,0.0002390754,0.0004007215,0.0003092458,0.0009066522,0.003191081,0.0009863277
59,0.0002414767,0.0003947871,0.0003197664,0.0008839198,0.003115627,0.0009791992
59.10000000000000142,0.0002437191,0.0003912902,0.0003180694,0.0008715398,0.003091455,0.0009903323
59.20000000000000284,0.0002430151,0.0003916547,0.0003098027,0.0008695578,0.00310932,0.0009470307
59.30000000000000426,0.0002348753,0.0004003313,0.0002901699,0.0009024804,0.003208508,0.0009067926
59.40000000000000568,0.0002361164,0.0004011859,0.0003131978,0.0009242358,0.00316664,0.0009549474
59.5,0.0002407582,0.0003986654,0.0003109894,0.0009180057,0.003092043,0.001006649
59.60000000000000142,0.0002358001,0.000396288,0.0003038209,0.0008617843,0.003144562,0.0009885686
59.70000000000000284,0.0002378764,0.0004029631,0.0003032792,0.0008739208,0.003137779,0.0009760212
59.80000000000000426,0.0002412597,0.0003991368,0.0003192244,0.0008548885,0.00322971,0.0009092715
59.90000000000000568,0.0002392707,0.0003963983,0.0003206014,0.0009108229,0.003160502,0.0009342331
60,0.0002299287,0.0003955984,0.0003119271,0.00090598,0.003158529,0.0008847992
60.10000000000000142,0.0002430738,0.0004039308,0.0003119245,0.0009250346,0.003164671,0.0009205057
60.20000000000000284,0.0002556747,0.0004005916,0.0002968603,0.0008525843,0.003206351,0.0008830674
60.30000000000000426,0.0002568062,0.0003985472,0.0002977038,0.0008641596,0.003196331,0.000958603
60.40000000000000568,0.0002344797,0.0003956081,0.0003145399,0.0008439751,0.003213546,0.0009222901
60.5,0.0002327567,0.0003951506,0.000323579,0.0008650463,0.003220423,0.0009072227
60.60000000000000142,0.0002351518,0.0003995473,0.0003136378,0.0008796504,0.003209395,0.0009494282
60.70000000000000284,0.0002274261,0.0004044696,0.0003006261,0.0009112799,0.003138143,0.0009941456
60.80000000000000426,0.0002279689,0.0004053954,0.0003207384,0.0008824415,0.003197521,0.0009758401
60.90000000000000568,0.0002442608,0.0004012325,0.0003147763,0.0008521077,0.003179686,0.0009464118
61,0.0002326238,0.0003973658,0.0003090578,0.000891174,0.003208168,0.0008788082
61.10000000000000142,0.0002214293,0.0003989964,0.0003109975,0.0008829329,0.003150907,0.0008985267
61.20000000000000284,0.0002346946,0.0004027886,0.0003082899,0.0008162973,0.003105892,0.0008928697
61.30000000000000426,0.0002333141,0.0003977688,0.0003025629,0.0008477568,0.003207629,0.0009794734
61.40000000000000568,0.000222752,0.0003968632,0.0003161957,0.0008858985,0.003183267,0.0009338925
61.5,0.0002298936,0.0004008511,0.0003299866,0.0008579854,0.003219798,0.0009715432
61.60000000000000142,0.0002461666,0.0004054546,0.0003201461,0.0008599169,0.003218019,0.0009400925
61.70000000000000284,0.0002446071,0.0004057611,0.0003002597,0.000880897,0.003208809,0.0009466066
61.80000000000000426,0.0002322731,0.0003997455,0.0002946715,0.0008987268,0.003238853,0.0009804206
61.90000000000000568,0.0002279152,0.0003974774,0.0003201453,0.000893609,0.003255569,0.0009709017
62,0.0002276776,0.0003964962,0.000314289,0.0008740972,0.003226704,0.0009159972
62.10000000000000142,0.0002309775,0.0003991159,0.0003104294,0.0008857651,0.003253177,0.0009748254
62.20000000000000284,0.0002359445,0.0004092341,0.0002956984,0.0008476227,0.003258918,0.0009093037
62.30000000000000426,0.0002431886,0.0004129007,0.0003191674,0.0008257659,0.00328365,0.0009088169
62.40000000000000568,0.0002481369,0.0004060395,0.0003231775,0.000832523,0.003238305,0.0009418893
62.5,0.000234052,0.0004032863,0.0003168217,0.0008418447,0.003186118,0.0009946867
62.60000000000000142,0.0002285352,0.0004009934,0.0003174972,0.0008558851,0.003232818,0.0009297171
62.70000000000000284,0.0002363168,0.0004043575,0.0003059779,0.0008767359,0.003274139,0.0008592588
62.80000000000000426,0.0002381449,0.0004000826,0.0003135708,0.0008723438,0.003311446,0.0009109407
62.90000000000000568,0.0002366378,0.000407207,0.0003201149,0.0008476651,0.003307974,0.0009108993
63,0.0002309602,0.0004041179,0.0003170652,0.0008613974,0.003278304,0.0009464772
63.10000000000000142,0.0002415583,0.0004009111,0.0003129061,0.0009171613,0.003298965,0.0009218254
63.20000000000000284,0.000244646,0.0003989791,0.000319052,0.0009226721,0.003273062,0.0009338456
63.30000000000000426,0.000230146,0.0003985729,0.000317283,0.0009434469,0.003260504,0.0009292848
63.40000000000000568,0.0002299665,0.0004040379,0.0003179538,0.0008989832,0.003269074,0.0009523714
63.5,0.0002314902,0.0004109879,0.0003149204,0.0008928265,0.003255498,0.0009510933
63.60000000000000142,0.000231572,0.0004101023,0.0003120656,0.0008788115,0.003278065,0.0009866414
63.70000000000000284,0.0002237684,0.000408813,0.0003216368,0.000888241,0.003271711,0.000976382
63.80000000000000426,0.0002356921,0.0004067104,0.0003198853,0.0008320418,0.003268542,0.0009483195
63.90000000000000568,0.0002339513,0.0004118717,0.0003090117,0.0008331071,0.003394083,0.0008809965
64,0.0002381857,0.0004150318,0.0003129241,0.0008151105,0.003369977,0.0009274946
64.10000000000000853,0.0002343602,0.0004119346,0.0003210174,0.0008402193,0.003253261,0.0009230258
64.20000000000000284,0.0002299857,0.0004143899,0.0003321483,0.0008549838,0.003232828,0.0009506462
64.29999999999999716,0.0002328974,0.0004133892,0.0003220752,0.0008913369,0.003280026,0.0008820297
64.40000000000000568,0.0002315456,0.0004040204,0.0003071535,0.0008573536,0.003381094,0.0009471308
64.5,0.000230535,0.0004096174,0.0003037935,0.0008953823,0.003307511,0.0009796768
64.60000000000000853,0.0002292178,0.0004174301,0.0003102915,0.0008977368,0.003290848,0.0009362592
64.70000000000000284,0.0002355962,0.0004214178,0.0003177764,0.0008560639,0.003219867,0.0009227487
64.79999999999999716,0.0002339748,0.0004043136,0.0003138665,0.0008653905,0.003267328,0.0009870078
64.90000000000000568,0.0002235707,0.0004085311,0.0003115787,0.0008864086,0.003331585,0.0009735616
65,0.0002257908,0.0004124134,0.0003142487,0.0009261867,0.003352034,0.000899223
65.10000000000000853,0.0002307762,0.0004264711,0.000326785,0.0008942688,0.003364867,0.000901648
65.20000000000000284,0.0002428889,0.000420475,0.0003293789,0.000845909,0.00328201,0.0009560979
65.29999999999999716,0.0002377775,0.0004144561,0.0003180156,0.0008595834,0.003258534,0.0008928704
65.40000000000000568,0.0002359486,0.0004128288,0.0003231677,0.0008727551,0.003284304,0.0009317526
65.5,0.0002367309,0.0004233698,0.0003064898,0.000862335,0.003341828,0.0009741056
65.60000000000000853,0.0002368977,0.000419311,0.0002989901,0.0008830146,0.003321656,0.00090584
65.70000000000000284,0.0002281354,0.0004186274,0.0002995811,0.0008647017,0.003357891,0.0008973645
65.79999999999999716,0.0002186963,0.0004260166,0.0003099725,0.0008444742,0.003305975,0.0009067654
65.90000000000000568,0.0002168812,0.0004225438,0.0003248941,0.0008650844,0.003359337,0.0009672083
66,0.0002210157,0.0004191801,0.0003170991,0.0008416744,0.003321917,0.0009733803
66.10000000000000853,0.0002379966,0.000419652,0.000312347,0.0008086317,0.003350773,0.0009283159
66.20000000000000284,0.0002376097,0.0004173115,0.0003171877,0.0008195384,0.003352504,0.0009436901
66.29999999999999716,0.0002242097,0.000429621,0.0003284006,0.000904339,0.003331504,0.0009358543
66.40000000000000568,0.0002218227,0.000423143,0.0003224147,0.0009075626,0.003336182,0.0008673901
66.5,0.0002333908,0.0004206623,0.0003116928,0.0008716368,0.003389412,0.0008776822
66.60000000000000853,0.0002300111,0.0004163202,0.0003134395,0.0008479406,0.003385389,0.0008952454
66.70000000000000284,0.0002329015,0.0004189589,0.0003191309,0.0008703104,0.003393778,0.0009021651
66.79999999999999716,0.0002316398,0.0004276432,0.0003209522,0.0008756248,0.003389963,0.0008629827
66.90000000000000568,0.0002396413,0.0004272051,0.0003116512,0.0009353934,0.003390445,0.0008324086
67,0.0002413071,0.0004216961,0.0003122691,0.0009217896,0.003389653,0.0009303402
67.10000000000000853,0.0002264921,0.0004246903,0.0003338622,0.0008953938,0.003379973,0.0009525626
67.20000000000000284,0.0002315398,0.0004282049,0.0003290243,0.0008677677,0.003389884,0.0009147688
67.29999999999999716,0.0002269474,0.0004214511,0.000316897,0.0008575239,0.003388039,0.0009479622
67.40000000000000568,0.0002307168,0.000419931,0.0003092093,0.0009008064,0.003376741,0.0009369452
67.5,0.0002397638,0.00041388,0.0003143353,0.0009219876,0.003406248,0.0009570558
67.60000000000000853,0.0002387123,0.0004185824,0.0003317011,0.0009133762,0.003426193,0.000969499
67.70000000000000284,0.0002415464,0.0004267383,0.000324643,0.0008959249,0.003485056,0.0009654331
67.79999999999999716,0.0002335872,0.0004245457,0.0003197318,0.0008730312,0.003442798,0.0008610721
67.90000000000000568,0.0002356853,0.0004315381,0.0003163773,0.0008839076,0.003431316,0.0008430635
68,0.0002240188,0.0004311674,0.000321942,0.0008677112,0.003392138,0.0009069652
68.10000000000000853,0.0002221111,0.0004282608,0.0003251252,0.0008854785,0.003420425,0.0009442906
68.20000000000000284,0.0002178718,0.0004268699,0.0003236886,0.0008669687,0.003411235,0.0009169183
68.29999999999999716,0.0002264438,0.0004311191,0.0003114681,0.0009050667,0.003393842,0.000894569
68.40000000000000568,0.0002360038,0.0004295535,0.0003199195,0.000904625,0.003406963,0.0009606621
68.5,0.0002380082,0.0004282442,0.000326254,0.0009052635,0.00341378,0.0009571417
68.60000000000000853,0.0002381731,0.0004263669,0.0003138679,0.0008991821,0.003410528,0.0009385471
68.70000000000000284,0.000239026,0.0004217752,0.0003191927,0.0008966359,0.00346349,0.0009476687
68.79999999999999716,0.0002354658,0.0004218027,0.0003154366,0.0008891619,0.003453156,0.000908588
68.90000000000000568,0.0002282426,0.0004316971,0.000324567,0.000891254,0.003521075,0.0009020493
69,0.0002269837,0.0004395371,0.0003277442,0.0009020543,0.003506499,0.0009086402
69.10000000000000853,0.0002299298,0.0004325175,0.0003230456,0.000884214,0.003537117,0.0009321013
69.20000000000000284,0.0002443278,0.0004275034,0.0003195696,0.0008894252,0.003403015,0.0008762222
69.29999999999999716,0.0002434008,0.0004213477,0.0003145564,0.0009097668,0.003439853,0.0008769438
69.40000000000000568,0.0002375005,0.0004222246,0.0003161475,0.0008674321,0.003430381,0.0008820578
69.5,0.0002309042,0.0004317233,0.0003129171,0.0009020321,0.003478109,0.0009055372
69.60000000000000853,0.0002241354,0.0004328479,0.0003237935,0.0008815227,0.003459578,0.0008961134
69.70000000000000284,0.0002212041,0.0004293758,0.0003264308,0.0008828612,0.003459422,0.0009156781
69.79999999999999716,0.0002287989,0.0004292821,0.0003342997,0.0008703858,0.003423939,0.0008813816
69.90000000000000568,0.0002303815,0.0004333707,0.0003262302,0.0009103435,0.003427576,0.0009074444
70,0.0002392458,0.0004319896,0.0003110615,0.0009041793,0.003457411,0.0009331284
70.10000000000000853,0.0002359095,0.000429949,0.0003170712,0.000914743,0.003495673,0.0009205202
70.20000000000000284,0.0002436601,0.0004303732,0.0003333629,0.0008932418,0.003549502,0.0009120254
70.29999999999999716,0.0002415838,0.000435258,0.000335753,0.0008567575,0.00350896,0.000917358
70.40000000000000568,0.0002291505,0.0004444168,0.0003299909,0.0008680133,0.003487059,0.000865246
70.5,0.0002262353,0.0004470458,0.0003241345,0.0008403109,0.003428714,0.0008365428
70.60000000000000853,0.0002224723,0.0004428377,0.0003176071,0.0008797096,0.003422334,0.0008799158
70.70000000000000284,0.0002309344,0.0004334203,0.0003271242,0.0008582263,0.003448779,0.0009169085
70.79999999999999716,0.0002372553,0.0004368052,0.000321657,0.0008863435,0.003511498,0.0009459127
70.90000000000000568,0.0002400738,0.0004344283,0.0003130612,0.0009164234,0.003537465,0.0009554507
71,0.0002339855,0.0004382184,0.0003185296,0.0008761694,0.003517726,0.0008887924
71.10000000000000853,0.0002285407,0.0004364421,0.0003246948,0.0008378856,0.003436272,0.0009333311
71.20000000000000284,0.0002252495,0.0004310902,0.0003268046,0.0008467151,0.003486337,0.0009195639
71.29999999999999716,0.0002203172,0.000435381,0.0003247774,0.0008431852,0.003476677,0.0008977384
71.40000000000000568,0.0002267151,0.0004506909,0.0003298957,0.0008683102,0.003549264,0.0009323563
71.5,0.0002314073,0.0004474102,0.0003210485,0.0009014895,0.003492308,0.0008894586
71.60000000000000853,0.0002323615,0.0004383584,0.0003218302,0.0008794903,0.003477082,0.0009033072
71.70000000000000284,0.0002331069,0.0004315936,0.0003281039,0.0008706768,0.003449822,0.0009202751
71.79999999999999716,0.0002321883,0.0004347657,0.0003271028,0.0008919462,0.003466844,0.0009066774
71.90000000000000568,0.000235141,0.0004372084,0.0003248163,0.0008881969,0.003523749,0.0009386431
72,0.0002323766,0.0004392616,0.0003162904,0.0009027859,0.003503405,0.0009197432
72.10000000000000853,0.0002266596,0.0004408824,0.0003160327,0.000873293,0.003477418,0.0009047865
72.20000000000000284,0.0002279139,0.0004434908,0.0003150723,0.0008881632,0.003493733,0.0008103873
72.29999999999999716,0.0002246129,0.0004403167,0.0003239972,0.0008825292,0.003502496,0.0008519129
72.40000000000000568,0.0002213287,0.0004476323,0.0003232825,0.0009356453,0.003569343,0.0009022731
72.5,0.0002360712,0.0004506691,0.0003267546,0.0008658931,0.003555712,0.000920699
72.60000000000000853,0.0002416029,0.0004518109,0.0003270594,0.0008508053,0.00352548,0.0008859365
72.70000000000000284,0.0002380388,0.0004461921,0.0003253954,0.000851504,0.003522237,0.0008791673
72.79999999999999716,0.0002444269,0.0004474204,0.0003309791,0.0008681033,0.003588176,0.0008887528
72.90000000000000568,0.0002264444,0.0004495574,0.0003270656,0.00089224,0.003584024,0.0008402039
73,0.0002256455,0.0004481816,0.0003360444,0.000926253,0.003588399,0.0008831291
73.10000000000000853,0.0002273034,0.000447992,0.0003382506,0.0009064324,0.003573085,0.0009182293
73.20000000000000284,0.0002234845,0.0004476156,0.0003296351,0.0009243543,0.003512985,0.0008998623
73.29999999999999716,0.0002292582,0.0004564767,0.0003259387,0.0008890248,0.003567836,0.0009028899
73.40000000000000568,0.0002380535,0.0004527543,0.0003150276,0.0009099157,0.003637379,0.0009041464
73.5,0.0002405392,0.0004490168,0.0003119454,0.0008591877,0.003678861,0.0009105259
73.60000000000000853,0.0002469929,0.000444962,0.0003206809,0.0008330845,0.003626015,0.0009321456
73.70000000000000284,0.0002423534,0.0004460536,0.0003293077,0.0008492151,0.003595969,0.0009140232
73.79999999999999716,0.0002350236,0.0004510066,0.0003309223,0.0008225554,0.003612441,0.0008861289
73.90000000000000568,0.0002160175,0.0004556042,0.0003374734,0.00086901,0.003592169,0.0008697474
74,0.0002074727,0.0004551982,0.0003341015,0.0009241257,0.003634254,0.0009660873
74.10000000000000853,0.0002206831,0.0004523493,0.0003286084,0.0009036597,0.003633328,0.0009411822
74.20000000000000284,0.0002319759,0.0004463301,0.0003239929,0.0008275008,0.003647965,0.0009214723
74.29999999999999716,0.0002327475,0.0004459122,0.0003246876,0.0008630915,0.003695973,0.0009214102
74.40000000000000568,0.0002354063,0.000450624,0.0003206311,0.0008669333,0.003631855,0.0009438694
74.5,0.0002277135,0.0004515351,0.0003215334,0.0008848885,0.003606009,0.0009211025
74.60000000000000853,0.0002195497,0.0004494324,0.0003230865,0.0009105796,0.003579766,0.0009349168
74.70000000000000284,0.0002287085,0.0004530683,0.0003354048,0.0009046904,0.003533205,0.0009328792
74.79999999999999716,0.000221693,0.0004575892,0.0003475472,0.0009268891,0.003605406,0.0009251015
74.90000000000000568,0.0002206226,0.0004606065,0.0003427201,0.0008976836,0.003590616,0.0009018439
75,0.0002155941,0.0004568615,0.0003259773,0.0009224469,0.00365473,0.0009213958
75.10000000000000853,0.0002180488,0.0004520891,0.0003186131,0.0008968087,0.003634327,0.0009106596
75.20000000000000284,0.0002298469,0.0004494276,0.0003223052,0.000834675,0.00360979,0.0008932722
75.29999999999999716,0.0002345846,0.0004519217,0.0003276345,0.000869766,0.003558362,0.0008880841
75.40000000000000568,0.0002365216,0.0004528346,0.0003348406,0.0008846785,0.003558158,0.000925063
75.5,0.0002366241,0.0004632209,0.0003357108,0.0008642479,0.003575438,0.0009255147
75.60000000000000853,0.0002222782,0.0004692851,0.0003293856,0.0008895569,0.003599365,0.0009185859
75.70000000000000284,0.0002233693,0.000462624,0.0003223299,0.000884417,0.003585595,0.0009159542
75.79999999999999716,0.0002203388,0.0004529446,0.0003206935,0.0008795884,0.003652695,0.0008667134
75.90000000000000568,0.0002300893,0.0004542445,0.0003214552,0.000875892,0.003677471,0.0008769886
76,0.00023544,0.0004503802,0.0003210993,0.0008642408,0.003664476,0.0008567284
76.10000000000000853,0.000229449,0.0004557659,0.0003238399,0.0008722556,0.003654347,0.000897746
76.20000000000000284,0.0002264355,0.0004574312,0.0003305877,0.0008864618,0.003650386,0.0008937519
76.29999999999999716,0.0002266598,0.000461816,0.0003348334,0.0009048261,0.003617539,0.0009407439
76.40000000000000568,0.0002368933,0.0004625387,0.0003296547,0.0008995172,0.00356556,0.0009669471
76.5,0.0002329014,0.0004626533,0.0003208222,0.0008834274,0.003571946,0.0009422807
76.60000000000000853,0.000236116,0.0004575161,0.0003318542,0.0008861434,0.003609874,0.000883379
76.70000000000000284,0.0002247666,0.0004592047,0.0003332874,0.0008912418,0.003689209,0.0008651774
76.80000000000001137,0.0002149312,0.0004578722,0.0003312507,0.0009072129,0.003665445,0.0008627611
76.90000000000000568,0.0002096046,0.0004578828,0.0003346503,0.0008710787,0.003664214,0.0008650517
77,0.0002174764,0.0004549788,0.0003341442,0.0008998954,0.003632558,0.0009137905
77.10000000000000853,0.000225028,0.0004577736,0.000321705,0.0009358647,0.003594013,0.0008987872
77.20000000000000284,0.0002332772,0.0004624626,0.0003214478,0.0009130896,0.003600817,0.00090363
77.30000000000001137,0.0002265572,0.000466142,0.0003234684,0.0009144183,0.003648034,0.0009047183
77.40000000000000568,0.0002213782,0.0004609639,0.0003222656,0.0008977663,0.003678528,0.0008938386
77.5,0.0002336347,0.0004642353,0.0003261519,0.0009085892,0.003723755,0.0008597171
77.60000000000000853,0.0002327555,0.0004625109,0.0003294898,0.0009066641,0.003766623,0.0008452668
77.70000000000000284,0.0002351059,0.0004603244,0.0003401655,0.0009185654,0.003785304,0.0008886742
77.80000000000001137,0.0002303276,0.0004649862,0.0003417379,0.0009150787,0.003736628,0.0008812381
77.90000000000000568,0.0002128823,0.0004644518,0.0003395585,0.0008965177,0.00364489,0.0008256304
78,0.0002089304,0.0004694926,0.0003422157,0.0008972081,0.003612562,0.0007988655
78.10000000000000853,0.0002224362,0.0004698766,0.0003349718,0.0009032427,0.003634389,0.0008197765
78.20000000000000284,0.0002273816,0.0004723692,0.0003240765,0.0008826014,0.003704838,0.0008930246
78.30000000000001137,0.000231297,0.0004668768,0.0003172883,0.0008934904,0.00369517,0.0009342903
78.40000000000000568,0.0002405382,0.000463938,0.0003187359,0.0008863058,0.003666737,0.0009356696
78.5,0.0002375035,0.0004680493,0.0003258864,0.000903569,0.003708551,0.0008557702
78.60000000000000853,0.0002308045,0.0004720691,0.000336879,0.0009265508,0.003709485,0.0008687874
78.70000000000000284,0.0002396215,0.0004695539,0.0003498241,0.0009160053,0.003743099,0.0008236946
78.80000000000001137,0.0002363131,0.00046981,0.0003368805,0.0009302476,0.003768917,0.0008782991
78.90000000000000568,0.0002316464,0.0004647424,0.0003385435,0.0009236355,0.003752586,0.0008585147
79,0.0002360205,0.0004697994,0.0003262547,0.0009232328,0.003765881,0.0008442322
79.10000000000000853,0.0002392473,0.000470801,0.0003243819,0.0009065586,0.003742037,0.0008262837
79.20000000000000284,0.0002362494,0.0004703988,0.0003289643,0.0008808887,0.003729779,0.0008527105
79.30000000000001137,0.0002473094,0.0004671226,0.0003345653,0.0008628903,0.003708881,0.0009092057
79.40000000000000568,0.0002526607,0.0004689502,0.0003374871,0.0009024256,0.003717599,0.0009908225
79.5,0.0002431282,0.0004760556,0.0003459238,0.0009029542,0.003754905,0.0009619764
79.60000000000000853,0.0002408587,0.0004681553,0.0003513304,0.0009028287,0.003782149,0.0009533758
79.70000000000000284,0.0002287925,0.0004708794,0.0003357402,0.000893168,0.003725145,0.0008502485
79.80000000000001137,0.0002318233,0.0004663389,0.0003279094,0.0009093585,0.003707689,0.0008267818
79.90000000000000568,0.0002213459,0.0004687414,0.0003296352,0.000907508,0.0037398,0.0009080143
80,0.0002210779,0.0004705213,0.0003225524,0.0009439071,0.003764101,0.0008983687
80.10000000000000853,0.0002232534,0.0004707105,0.0003201643,0.0009295423,0.003783208,0.0009812329
80.20000000000000284,0.0002312757,0.0004684347,0.0003338525,0.0009133677,0.003775268,0.0009399957
80.30000000000001137,0.0002282285,0.000476228,0.0003400964,0.0009133579,0.003737127,0.0009725968
80.40000000000000568,0.0002283736,0.0004715065,0.0003475232,0.00090772,0.003754421,0.0009180272
80.5,0.0002267081,0.0004728818,0.0003455152,0.0009090164,0.003754133,0.000857012
80.60000000000000853,0.000225494,0.0004771009,0.0003319341,0.0009141665,0.003776208,0.0008422118
80.70000000000000284,0.0002276648,0.0004766288,0.0003296684,0.000880656,0.003805387,0.000852416
80.80000000000001137,0.0002173933,0.0004844231,0.000330445,0.0008889396,0.003810766,0.0008601973
80.90000000000000568,0.0002262623,0.0004863898,0.000336623,0.0009086674,0.003833246,0.0009085929
81,0.0002246646,0.0004840076,0.0003359584,0.0009016303,0.003830717,0.0008658184
81.10000000000000853,0.0002254938,0.0004761305,0.0003439427,0.0009024315,0.00379198,0.0009002377
81.20000000000000284,0.0002357237,0.0004751938,0.0003442989,0.0009157823,0.003743082,0.0009116362
81.30000000000001137,0.0002382551,0.0004764864,0.0003428368,0.000913709,0.003785838,0.0009133322
81.40000000000000568,0.0002337781,0.0004755933,0.0003420342,0.000893783,0.003811878,0.0009686164
81.5,0.0002305425,0.0004852181,0.000335839,0.0009314445,0.003806501,0.0009408538
81.60000000000000853,0.0002256827,0.0004910682,0.0003291635,0.0009417203,0.003796648,0.0008644172
81.70000000000000284,0.0002214586,0.000488016,0.0003201079,0.0009462722,0.003819795,0.0008567106
81.80000000000001137,0.0002272938,0.0004826093,0.0003191478,0.0009242904,0.003841566,0.0008410739
81.90000000000000568,0.0002318313,0.000482018,0.0003232657,0.0009303516,0.003846528,0.0008437541
82,0.0002314298,0.0004757408,0.0003284724,0.0009393903,0.003823091,0.0009038988
82.10000000000000853,0.00023697,0.0004752201,0.0003356381,0.0008999417,0.003806003,0.0009389179
82.20000000000000284,0.0002362272,0.0004819608,0.0003454354,0.000878053,0.003789143,0.0009454426
82.30000000000001137,0.0002367276,0.0004835971,0.0003474944,0.0009458161,0.003816222,0.0008411662
82.40000000000000568,0.0002399563,0.0004801245,0.0003405809,0.000931286,0.003836364,0.0008413185
82.5,0.0002398432,0.000482892,0.0003408159,0.0009242885,0.003822682,0.0008528254
82.60000000000000853,0.0002415699,0.0004918094,0.0003357557,0.0009570746,0.003882875,0.0008526879
82.70000000000000284,0.0002309758,0.0004899089,0.0003311089,0.0009359033,0.003897641,0.0008907301
82.80000000000001137,0.0002317317,0.0004830646,0.0003383644,0.0009263833,0.003865401,0.0008953275
82.90000000000000568,0.0002261617,0.0004848399,0.0003388207,0.0008883429,0.003836507,0.0008720638
83,0.000224801,0.0004790149,0.0003430374,0.0009092176,0.003785175,0.0008875091
83.10000000000000853,0.0002289897,0.0004792351,0.0003515355,0.0009260845,0.0037904,0.0008450496
83.20000000000000284,0.0002355417,0.0004828265,0.0003563028,0.0009442224,0.003816719,0.0008834663
83.30000000000001137,0.0002276832,0.000487583,0.0003552494,0.0009370527,0.003870742,0.0008575772
83.40000000000000568,0.0002226713,0.0004894048,0.0003449722,0.0009175159,0.003867849,0.0008324954
83.5,0.0002262514,0.0004916112,0.0003479597,0.0008932069,0.003874772,0.0008451182
83.60000000000000853,0.000219436,0.0004956942,0.0003331379,0.000918006,0.00384311,0.0008673323
83.70000000000000284,0.0002200076,0.0004916764,0.0003309113,0.0009156874,0.003842423,0.0008730336
83.80000000000001137,0.0002279233,0.0004886255,0.0003236454,0.0009026988,0.003821708,0.0008377439
83.90000000000000568,0.0002295101,0.0004861021,0.0003284131,0.0009285788,0.003865312,0.0008557439
84,0.0002309295,0.0004884529,0.0003372378,0.0009270829,0.003882144,0.0008443495
84.10000000000000853,0.0002304526,0.0004894041,0.0003472484,0.0009459186,0.00388213,0.0008542384
84.20000000000000284,0.0002315923,0.00049304,0.0003508056,0.0009298573,0.003866171,0.0008019738
84.30000000000001137,0.0002326559,0.0004935869,0.0003492357,0.0009048009,0.003845276,0.0007945509
84.40000000000000568,0.0002243292,0.000494796,0.0003392224,0.0009270944,0.003830824,0.0008551021
84.5,0.0002116463,0.0004946625,0.0003260777,0.0009473196,0.003835328,0.0008419952
84.60000000000000853,0.0002215769,0.0004950913,0.0003218468,0.000926521,0.003911043,0.0008366578
84.70000000000000284,0.0002234905,0.000494005,0.000331718,0.0009336475,0.003929591,0.000884009
84.80000000000001137,0.0002238591,0.0004967152,0.0003461123,0.0009668416,0.003981901,0.0008869625
84.90000000000000568,0.0002202705,0.0004960469,0.000351044,0.0009321563,0.003964202,0.0009048638
85,0.0002149702,0.0004929702,0.0003501423,0.0009466611,0.003974024,0.0008509994
85.10000000000000853,0.0002149208,0.000490376,0.0003486609,0.0009224359,0.003983698,0.0008816893
85.20000000000000284,0.0002230144,0.0004935639,0.0003445344,0.0009328252,0.003956905,0.0008795149
85.30000000000001137,0.0002275296,0.0004998144,0.000328327,0.0009137295,0.00394483,0.0008423009
85.40000000000000568,0.0002266468,0.0005019655,0.0003240092,0.0009259908,0.003929874,0.0008483902
85.5,0.0002294022,0.000501278,0.0003323258,0.0009336521,0.003965616,0.000890228
85.60000000000000853,0.0002287775,0.0004985403,0.0003381229,0.0009402565,0.003934038,0.0008928841
85.70000000000000284,0.0002308188,0.0004974122,0.0003434205,0.0009158923,0.003954518,0.0008648681
85.80000000000001137,0.000225869,0.0004933826,0.0003475773,0.0008998883,0.003912553,0.0008415266
85.90000000000000568,0.0002234348,0.0004964066,0.0003504357,0.0009119702,0.003949738,0.0008862239
86,0.0002257551,0.0004949085,0.0003430209,0.0009440464,0.00394491,0.0009069893
86.10000000000000853,0.0002226281,0.0004962219,0.0003421903,0.0009508461,0.003974451,0.0009441029
86.20000000000000284,0.0002210058,0.0004977117,0.0003483787,0.0009335002,0.00396296,0.0009427634
86.30000000000001137,0.0002201108,0.0005000867,0.0003383669,0.0009262264,0.003965012,0.0009201692
86.40000000000000568,0.0002194053,0.0004989195,0.0003410315,0.0009570625,0.003977177,0.0009068471
86.5,0.0002162999,0.0004978257,0.0003465661,0.0009362201,0.003957781,0.0008944601
86.60000000000000853,0.000219359,0.0004975338,0.0003393639,0.0009399239,0.004001622,0.0008679996
86.70000000000000284,0.0002264435,0.0004992163,0.000331871,0.0009444434,0.004036132,0.0008546102
86.80000000000001137,0.000236785,0.0005013564,0.0003345502,0.0009353617,0.004018752,0.0009015237
86.90000000000000568,0.0002406556,0.0005025958,0.0003415262,0.0009238799,0.004035802,0.0009296117
87,0.0002441271,0.0005032053,0.000349811,0.0009399433,0.004035076,0.0009275678
87.10000000000000853,0.0002410612,0.0005026785,0.0003522369,0.000988117,0.004066688,0.0009177432
87.20000000000000284,0.0002339597,0.0005039957,0.0003493308,0.0009278412,0.004036573,0.0008557158
87.30000000000001137,0.0002330006,0.000503974,0.0003497649,0.0009213281,0.004021918,0.0008517449
87.40000000000000568,0.0002311434,0.0005067344,0.0003466144,0.0009397826,0.004017639,0.0008578025
87.5,0.0002305015,0.0005061817,0.0003465357,0.0009239226,0.003995445,0.0009042338
87.60000000000000853,0.0002274766,0.000511371,0.0003375703,0.0009229862,0.003991082,0.0009304108
87.70000000000000284,0.0002240085,0.0005144409,0.0003388748,0.0009050019,0.003971185,0.0008697302
87.80000000000001137,0.0002205052,0.0005131452,0.0003368841,0.0009354687,0.003999514,0.0009583292
87.90000000000000568,0.0002206667,0.000512294,0.0003364255,0.0009062522,0.004035778,0.0009054225
88,0.0002170224,0.0005107201,0.0003380352,0.0009231496,0.004048173,0.000863324
88.10000000000000853,0.0002268647,0.0005111528,0.0003380134,0.0009371078,0.004073188,0.0008737165
88.20000000000000284,0.0002340464,0.0005116849,0.0003488221,0.0009305719,0.004091353,0.0008412082
88.30000000000001137,0.000241287,0.000510519,0.0003593682,0.0009525596,0.004059388,0.0008561503
88.40000000000000568,0.0002336689,0.0005108667,0.000354198,0.000932113,0.004048976,0.0008990469
88.5,0.000237643,0.0005127394,0.0003537429,0.0009479218,0.004042994,0.0009259974
88.60000000000000853,0.000233638,0.0005137808,0.0003511369,0.0009323154,0.004031792,0.00095611
88.70000000000000284,0.0002237796,0.000517721,0.0003460599,0.0009292644,0.004087262,0.0009331907
88.80000000000001137,0.0002257284,0.0005150725,0.0003398802,0.0009170055,0.00409034,0.0009140615
88.90000000000000568,0.0002257586,0.0005141377,0.0003299298,0.0009592458,0.004070925,0.0008504615
89,0.0002239078,0.0005077462,0.0003318577,0.0009458103,0.004089435,0.0008494553
89.10000000000000853,0.0002242743,0.0005076592,0.0003441897,0.0009511019,0.004073474,0.0007994371
89.20000000000000284,0.0002253925,0.0005083036,0.0003534415,0.0009316116,0.004047587,0.0007651066
89.30000000000001137,0.0002273734,0.0005073492,0.0003516374,0.0009769049,0.004048907,0.0008234618
89.40000000000000568,0.000228123,0.0005124049,0.0003595806,0.0009745251,0.00406914,0.0008346493
89.5,0.0002304104,0.0005143953,0.0003597055,0.001003991,0.004049193,0.0008515474
89.60000000000000853,0.0002408457,0.0005134793,0.000354938,0.0009612428,0.004058083,0.0008399712
89.70000000000000284,0.000236673,0.0005134182,0.0003521371,0.0009537899,0.004086211,0.000852055
89.80000000000001137,0.0002308464,0.0005143556,0.0003497193,0.0009567501,0.004065378,0.000911292
89.90000000000000568,0.000224342,0.0005165926,0.0003566143,0.0009429868,0.004117915,0.0008706773
90,0.0002282317,0.0005158142,0.0003508418,0.0009566692,0.004126928,0.0008782353
90.10000000000000853,0.0002196717,0.0005141956,0.0003544005,0.0009344232,0.004131623,0.0008747629
90.20000000000000284,0.0002262095,0.0005158214,0.0003578103,0.0009479185,0.004121904,0.0009243641
90.30000000000001137,0.0002179015,0.0005125875,0.0003586301,0.0009268196,0.004155279,0.0009023853
90.40000000000000568,0.000216968,0.0005115199,0.0003490492,0.0008971765,0.004098904,0.0008681486
90.5,0.000221899,0.0005107606,0.000340798,0.0009580102,0.004117752,0.0008540466
90.60000000000000853,0.0002278903,0.0005110762,0.0003351532,0.0009166777,0.004108199,0.0008221615
90.70000000000000284,0.0002269367,0.0005152237,0.0003430949,0.00094155,0.004127812,0.0007940065
90.80000000000001137,0.000235435,0.0005171771,0.0003450238,0.0009510149,0.004134876,0.000810851
90.90000000000000568,0.0002370934,0.0005208105,0.0003478985,0.0009705308,0.004165325,0.0008160692
91,0.0002405822,0.0005245364,0.0003499148,0.0009509606,0.004167924,0.0008842093
91.10000000000000853,0.0002403409,0.0005216666,0.0003569393,0.0009312912,0.004173535,0.0008768438
91.20000000000000284,0.0002383977,0.0005213872,0.0003546892,0.0009146934,0.004160463,0.0008420222
91.30000000000001137,0.0002312081,0.0005185786,0.0003466127,0.0009201083,0.004122383,0.0008546783
91.40000000000000568,0.0002194056,0.0005159567,0.0003476746,0.0009070189,0.004085119,0.000826311
91.5,0.0002128479,0.0005130548,0.0003451651,0.0009294248,0.004086423,0.0008154001
91.60000000000000853,0.0002129404,0.0005158423,0.0003474172,0.0009228821,0.004091811,0.0008507243
91.70000000000000284,0.0002194042,0.0005177725,0.0003459088,0.0009307495,0.004072725,0.0008630832
91.80000000000001137,0.0002286806,0.0005232069,0.0003480542,0.0009408611,0.004101712,0.0008666675
91.90000000000000568,0.0002253765,0.0005250702,0.0003514414,0.0009322705,0.004137437,0.0009064928
92,0.0002288537,0.0005225393,0.0003524087,0.0009443319,0.004183023,0.0009206994
92.10000000000000853,0.0002273554,0.0005278654,0.0003518977,0.0009594646,0.004178875,0.0008608763
92.20000000000000284,0.0002290471,0.0005258089,0.000350364,0.0009384472,0.00415452,0.0008436981
92.30000000000001137,0.0002298644,0.0005246234,0.0003452072,0.0009214683,0.004155037,0.0008501173
92.40000000000000568,0.0002227654,0.0005229495,0.0003461708,0.0009359359,0.00419659,0.0008422172
92.5,0.0002229502,0.000523014,0.0003458577,0.0009238502,0.004168012,0.000866342
92.60000000000000853,0.0002240748,0.0005227015,0.0003442383,0.0009036203,0.004159038,0.0008428617
92.70000000000000284,0.0002227019,0.0005241388,0.000341462,0.0009269223,0.004184642,0.0008752058
92.80000000000001137,0.0002265311,0.0005251028,0.0003440014,0.0009494668,0.004192212,0.0009153276
92.90000000000000568,0.0002270424,0.0005248695,0.000344166,0.0009742084,0.004207546,0.0008945941
93,0.000231986,0.0005255709,0.0003468128,0.0009492805,0.004169942,0.0008699019
93.10000000000000853,0.0002290743,0.0005257058,0.0003520957,0.0009412226,0.00415331,0.0008114231
93.20000000000000284,0.0002254533,0.0005257153,0.0003612952,0.000915098,0.004154865,0.0007909635
93.30000000000001137,0.0002225525,0.0005321011,0.0003550926,0.0009026171,0.004136034,0.0007837312
93.40000000000000568,0.0002137815,0.0005377449,0.0003520511,0.0009196505,0.00414789,0.0008402338
93.5,0.0002093153,0.0005412108,0.0003521843,0.0009427588,0.004165918,0.0008913096
93.60000000000000853,0.0002118889,0.0005375397,0.0003570784,0.0009553142,0.004193012,0.0009137985
93.70000000000000284,0.0002181455,0.0005338421,0.0003632508,0.000962099,0.004180087,0.0008981232
93.80000000000001137,0.0002263544,0.0005349526,0.0003614459,0.0009580261,0.004188406,0.0009126556
93.90000000000000568,0.0002329385,0.0005364677,0.0003604337,0.0009365769,0.004190072,0.0008932024
94,0.0002380343,0.0005375563,0.000363078,0.0009290328,0.00419288,0.0008244802
94.10000000000000853,0.0002357422,0.0005306957,0.0003646395,0.0009544895,0.004202726,0.0008069136
94.20000000000000284,0.0002397907,0.000528094,0.0003627108,0.0009373708,0.004194513,0.0008527305
94.30000000000001137,0.0002315437,0.0005319233,0.0003555469,0.0009456238,0.004207636,0.0008949755
94.40000000000000568,0.0002269584,0.0005332369,0.0003527108,0.0009363043,0.004218248,0.0009690814
94.5,0.0002279567,0.0005336226,0.000347405,0.0009227236,0.004265948,0.0009259805
94.60000000000000853,0.0002254147,0.0005362423,0.0003501578,0.0009528413,0.004305256,0.0009258859
94.70000000000000284,0.0002308297,0.0005386324,0.0003528088,0.0009752309,0.004293999,0.0009186658
94.80000000000001137,0.0002326026,0.0005394251,0.00035278,0.0009214848,0.00430271,0.0008707897
94.90000000000000568,0.000234587,0.0005377475,0.0003566005,0.0009424817,0.004316375,0.0008672739
95,0.0002310535,0.0005368199,0.0003545209,0.000950431,0.004309148,0.0008188095
95.10000000000000853,0.0002302914,0.0005387225,0.0003588019,0.0009186663,0.004284212,0.0007992618
95.20000000000000284,0.0002323973,0.0005427566,0.0003619376,0.0009255629,0.004270946,0.0008086054
95.30000000000001137,0.0002189852,0.0005401316,0.0003613965,0.0009302368,0.004275369,0.0008073367
95.40000000000000568,0.0002163446,0.0005380412,0.0003505459,0.0008922651,0.004250681,0.0008524829
95.5,0.0002275673,0.0005352195,0.0003529714,0.0009340642,0.00427436,0.0008714795
95.60000000000000853,0.0002363129,0.0005415314,0.0003575667,0.0008911233,0.004260114,0.0008452731
95.70000000000000284,0.0002445129,0.0005420271,0.0003608233,0.0008966401,0.004229334,0.0008833195
95.80000000000001137,0.0002490244,0.0005440006,0.0003586239,0.0009431506,0.004243183,0.0009028403
95.90000000000000568,0.0002467143,0.0005453693,0.0003608493,0.0009232617,0.004255876,0.0008777399
96,0.000238217,0.0005492949,0.0003623408,0.0009429327,0.004263117,0.0008627342
96.10000000000000853,0.0002324988,0.0005484294,0.0003647184,0.000944594,0.004297759,0.0008723697
96.20000000000000284,0.0002296055,0.0005429814,0.0003580007,0.0009508161,0.004330503,0.0008800274
96.30000000000001137,0.0002266335,0.0005433456,0.0003617204,0.0009211377,0.00431433,0.0008757643
96.40000000000000568,0.0002222536,0.0005419999,0.0003674269,0.0009358478,0.004323727,0.0009194082
96.5,0.000224598,0.0005431274,0.0003528119,0.0009324026,0.004363786,0.0008274279
96.60000000000000853,0.0002305002,0.0005414068,0.0003548836,0.0009125753,0.004321098,0.0008420387
96.70000000000000284,0.0002393601,0.0005445878,0.0003476281,0.0009010738,0.004291124,0.0008565416
96.80000000000001137,0.0002406185,0.000546165,0.000349914,0.0009155715,0.004282046,0.0007989989
96.90000000000000568,0.0002410523,0.000550613,0.000348407,0.0009433689,0.004291814,0.0008069211
97,0.0002329349,0.0005519125,0.0003526705,0.000913277,0.004309286,0.000809166
97.10000000000000853,0.0002286405,0.000551712,0.0003514484,0.0009181409,0.004305833,0.0008232981
97.20000000000000284,0.0002229062,0.0005495628,0.0003524725,0.0009378887,0.004333088,0.00082421
97.30000000000001137,0.0002239485,0.0005526006,0.0003565366,0.0009394182,0.004350279,0.0008100579
97.40000000000000568,0.000229179,0.000550425,0.0003668275,0.0009148465,0.004351423,0.0007883006
97.5,0.0002361618,0.0005445784,0.000367796,0.0008902616,0.004353978,0.0007931162
97.60000000000000853,0.0002340204,0.0005435961,0.0003626948,0.000907401,0.004355849,0.0008408429
97.70000000000000284,0.000239118,0.0005461114,0.0003582547,0.0009174043,0.004360846,0.0008438136
97.80000000000001137,0.0002431838,0.000546556,0.0003578599,0.0009419453,0.004354169,0.00082584
97.90000000000000568,0.0002348353,0.0005481816,0.0003600426,0.0009692981,0.004346261,0.0008532125
98,0.0002306817,0.000546386,0.0003584384,0.0009522395,0.004347536,0.0008798736
98.10000000000000853,0.0002203923,0.0005454606,0.0003643308,0.0009504232,0.004364836,0.0008858837
98.20000000000000284,0.0002181344,0.0005479519,0.0003584942,0.0009869951,0.00437802,0.0008801182
98.30000000000001137,0.0002163218,0.0005487526,0.0003505613,0.0009781737,0.004380641,0.0008595851
98.40000000000000568,0.0002205575,0.0005459071,0.0003550218,0.0009605342,0.004361458,0.0008608806
98.5,0.0002266192,0.0005480999,0.0003644377,0.0009406395,0.004336398,0.0008847175
98.60000000000000853,0.0002271736,0.0005505747,0.000367072,0.0009069193,0.00432227,0.0009064871
98.70000000000000284,0.000237257,0.0005538804,0.0003643964,0.0009248742,0.004312541,0.000852165
98.80000000000001137,0.0002372839,0.0005531365,0.0003629694,0.0009297763,0.004337224,0.0008725602
98.90000000000000568,0.0002312682,0.0005517392,0.0003584473,0.0009129528,0.004357226,0.0008522312
99,0.0002275988,0.000552378,0.000359565,0.0009127712,0.004356694,0.0008884411
99.10000000000000853,0.0002244017,0.0005546112,0.0003550719,0.0009465807,0.004397763,0.0008738121
99.20000000000000284,0.0002190813,0.0005524577,0.0003506299,0.0009798214,0.004376943,0.0008484701
99.30000000000001137,0.0002130526,0.000553849,0.000353864,0.0009743557,0.004385037,0.000846821
99.40000000000000568,0.0002147114,0.0005531047,0.0003583674,0.0009831703,0.004393124,0.0007938712
99.5,0.0002211808,0.0005548024,0.0003594042,0.001005225,0.004410408,0.0008034936
99.60000000000000853,0.000229493,0.0005548626,0.0003562847,0.0009757397,0.004392713,0.000815572
99.70000000000000284,0.0002420849,0.0005607278,0.0003588061,0.0009868797,0.004376172,0.0008597416
99.80000000000001137,0.000246477,0.0005613575,0.0003559501,0.0009904384,0.004378239,0.0008495381
99.90000000000000568,0.000239004,0.0005606813,0.0003496836,0.0009581538,0.004364707,0.0008393717